[0.046s] DEBUG:colcon:Command line arguments: ['/usr/bin/colcon', 'build', '--packages-up-to', 'rosbag2_cpp', '--cmake-args', '-DCMAKE_BUILD_TYPE=Release']
[0.046s] DEBUG:colcon:Parsed command line arguments: Namespace(log_base=None, log_level=None, verb_name='build', build_base='build', install_base='install', merge_install=False, symlink_install=False, test_result_base=None, continue_on_error=False, executor='parallel', parallel_workers=20, event_handlers=None, ignore_user_meta=False, metas=['./colcon.meta'], base_paths=['.'], packages_ignore=None, packages_ignore_regex=None, paths=None, packages_up_to=['rosbag2_cpp'], packages_up_to_regex=None, packages_above=None, packages_above_and_dependencies=None, packages_above_depth=None, packages_select_by_dep=None, packages_skip_by_dep=None, packages_skip_up_to=None, packages_select_build_failed=False, packages_skip_build_finished=False, packages_select_test_failures=False, packages_skip_test_passed=False, packages_select=None, packages_skip=None, packages_select_regex=None, packages_skip_regex=None, packages_start=None, packages_end=None, allow_overriding=[], cmake_args=['-DCMAKE_BUILD_TYPE=Release'], cmake_target=None, cmake_target_skip_unavailable=False, cmake_clean_cache=False, cmake_clean_first=False, cmake_force_configure=False, ament_cmake_args=None, catkin_cmake_args=None, catkin_skip_building_tests=False, mixin_files=None, mixin=None, verb_parser=<colcon_mixin.mixin.mixin_argument.MixinArgumentDecorator object at 0x75dc40b95be0>, verb_extension=<colcon_core.verb.build.BuildVerb object at 0x75dc40cc24e0>, main=<bound method BuildVerb.main of <colcon_core.verb.build.BuildVerb object at 0x75dc40cc24e0>>, mixin_verb=('build',))
[0.062s] Level 1:colcon.colcon_core.package_discovery:discover_packages(colcon_meta) check parameters
[0.062s] Level 1:colcon.colcon_core.package_discovery:discover_packages(recursive) check parameters
[0.062s] Level 1:colcon.colcon_core.package_discovery:discover_packages(ignore) check parameters
[0.062s] Level 1:colcon.colcon_core.package_discovery:discover_packages(path) check parameters
[0.062s] Level 1:colcon.colcon_core.package_discovery:discover_packages(colcon_meta) discover
[0.062s] Level 1:colcon.colcon_core.package_discovery:discover_packages(recursive) discover
[0.062s] INFO:colcon.colcon_core.package_discovery:Crawling recursively for packages in '/home/fmt/.no-mistakes/worktrees/b8e3b0e906af/01KXF3EBXC00B6ZS69VCQBAJA8'
[0.063s] Level 1:colcon.colcon_core.package_identification:_identify(.) by extensions ['ignore', 'ignore_ament_install']
[0.063s] Level 1:colcon.colcon_core.package_identification:_identify(.) by extension 'ignore'
[0.063s] Level 1:colcon.colcon_core.package_identification:_identify(.) by extension 'ignore_ament_install'
[0.063s] Level 1:colcon.colcon_core.package_identification:_identify(.) by extensions ['colcon_pkg']
[0.063s] Level 1:colcon.colcon_core.package_identification:_identify(.) by extension 'colcon_pkg'
[0.063s] Level 1:colcon.colcon_core.package_identification:_identify(.) by extensions ['colcon_meta']
[0.063s] Level 1:colcon.colcon_core.package_identification:_identify(.) by extension 'colcon_meta'
[0.063s] Level 1:colcon.colcon_core.package_identification:_identify(.) by extensions ['ros']
[0.063s] Level 1:colcon.colcon_core.package_identification:_identify(.) by extension 'ros'
[0.074s] Level 1:colcon.colcon_core.package_identification:_identify(.) by extensions ['cmake', 'python']
[0.074s] Level 1:colcon.colcon_core.package_identification:_identify(.) by extension 'cmake'
[0.074s] Level 1:colcon.colcon_core.package_identification:_identify(.) by extension 'python'
[0.074s] Level 1:colcon.colcon_core.package_identification:_identify(.) by extensions ['python_setup_py']
[0.074s] Level 1:colcon.colcon_core.package_identification:_identify(.) by extension 'python_setup_py'
[0.074s] Level 1:colcon.colcon_core.package_identification:_identify(build) by extensions ['ignore', 'ignore_ament_install']
[0.074s] Level 1:colcon.colcon_core.package_identification:_identify(build) by extension 'ignore'
[0.074s] Level 1:colcon.colcon_core.package_identification:_identify(build) ignored
[0.074s] Level 1:colcon.colcon_core.package_identification:_identify(docs) by extensions ['ignore', 'ignore_ament_install']
[0.075s] Level 1:colcon.colcon_core.package_identification:_identify(docs) by extension 'ignore'
[0.075s] Level 1:colcon.colcon_core.package_identification:_identify(docs) by extension 'ignore_ament_install'
[0.075s] Level 1:colcon.colcon_core.package_identification:_identify(docs) by extensions ['colcon_pkg']
[0.075s] Level 1:colcon.colcon_core.package_identification:_identify(docs) by extension 'colcon_pkg'
[0.075s] Level 1:colcon.colcon_core.package_identification:_identify(docs) by extensions ['colcon_meta']
[0.075s] Level 1:colcon.colcon_core.package_identification:_identify(docs) by extension 'colcon_meta'
[0.075s] Level 1:colcon.colcon_core.package_identification:_identify(docs) by extensions ['ros']
[0.075s] Level 1:colcon.colcon_core.package_identification:_identify(docs) by extension 'ros'
[0.075s] Level 1:colcon.colcon_core.package_identification:_identify(docs) by extensions ['cmake', 'python']
[0.075s] Level 1:colcon.colcon_core.package_identification:_identify(docs) by extension 'cmake'
[0.075s] Level 1:colcon.colcon_core.package_identification:_identify(docs) by extension 'python'
[0.075s] Level 1:colcon.colcon_core.package_identification:_identify(docs) by extensions ['python_setup_py']
[0.075s] Level 1:colcon.colcon_core.package_identification:_identify(docs) by extension 'python_setup_py'
[0.075s] Level 1:colcon.colcon_core.package_identification:_identify(docs/design) by extensions ['ignore', 'ignore_ament_install']
[0.075s] Level 1:colcon.colcon_core.package_identification:_identify(docs/design) by extension 'ignore'
[0.075s] Level 1:colcon.colcon_core.package_identification:_identify(docs/design) by extension 'ignore_ament_install'
[0.075s] Level 1:colcon.colcon_core.package_identification:_identify(docs/design) by extensions ['colcon_pkg']
[0.075s] Level 1:colcon.colcon_core.package_identification:_identify(docs/design) by extension 'colcon_pkg'
[0.075s] Level 1:colcon.colcon_core.package_identification:_identify(docs/design) by extensions ['colcon_meta']
[0.075s] Level 1:colcon.colcon_core.package_identification:_identify(docs/design) by extension 'colcon_meta'
[0.075s] Level 1:colcon.colcon_core.package_identification:_identify(docs/design) by extensions ['ros']
[0.075s] Level 1:colcon.colcon_core.package_identification:_identify(docs/design) by extension 'ros'
[0.075s] Level 1:colcon.colcon_core.package_identification:_identify(docs/design) by extensions ['cmake', 'python']
[0.075s] Level 1:colcon.colcon_core.package_identification:_identify(docs/design) by extension 'cmake'
[0.075s] Level 1:colcon.colcon_core.package_identification:_identify(docs/design) by extension 'python'
[0.075s] Level 1:colcon.colcon_core.package_identification:_identify(docs/design) by extensions ['python_setup_py']
[0.075s] Level 1:colcon.colcon_core.package_identification:_identify(docs/design) by extension 'python_setup_py'
[0.075s] Level 1:colcon.colcon_core.package_identification:_identify(install) by extensions ['ignore', 'ignore_ament_install']
[0.075s] Level 1:colcon.colcon_core.package_identification:_identify(install) by extension 'ignore'
[0.075s] Level 1:colcon.colcon_core.package_identification:_identify(install) ignored
[0.075s] Level 1:colcon.colcon_core.package_identification:_identify(liblz4_vendor) by extensions ['ignore', 'ignore_ament_install']
[0.075s] Level 1:colcon.colcon_core.package_identification:_identify(liblz4_vendor) by extension 'ignore'
[0.075s] Level 1:colcon.colcon_core.package_identification:_identify(liblz4_vendor) by extension 'ignore_ament_install'
[0.075s] Level 1:colcon.colcon_core.package_identification:_identify(liblz4_vendor) by extensions ['colcon_pkg']
[0.075s] Level 1:colcon.colcon_core.package_identification:_identify(liblz4_vendor) by extension 'colcon_pkg'
[0.075s] Level 1:colcon.colcon_core.package_identification:_identify(liblz4_vendor) by extensions ['colcon_meta']
[0.075s] Level 1:colcon.colcon_core.package_identification:_identify(liblz4_vendor) by extension 'colcon_meta'
[0.075s] Level 1:colcon.colcon_core.package_identification:_identify(liblz4_vendor) by extensions ['ros']
[0.075s] Level 1:colcon.colcon_core.package_identification:_identify(liblz4_vendor) by extension 'ros'
[0.076s] DEBUG:colcon.colcon_core.package_identification:Package 'liblz4_vendor' with type 'ros.ament_cmake' and name 'liblz4_vendor'
[0.076s] Level 1:colcon.colcon_core.package_identification:_identify(log) by extensions ['ignore', 'ignore_ament_install']
[0.076s] Level 1:colcon.colcon_core.package_identification:_identify(log) by extension 'ignore'
[0.076s] Level 1:colcon.colcon_core.package_identification:_identify(log) ignored
[0.076s] Level 1:colcon.colcon_core.package_identification:_identify(mcap_vendor) by extensions ['ignore', 'ignore_ament_install']
[0.076s] Level 1:colcon.colcon_core.package_identification:_identify(mcap_vendor) by extension 'ignore'
[0.076s] Level 1:colcon.colcon_core.package_identification:_identify(mcap_vendor) by extension 'ignore_ament_install'
[0.077s] Level 1:colcon.colcon_core.package_identification:_identify(mcap_vendor) by extensions ['colcon_pkg']
[0.077s] Level 1:colcon.colcon_core.package_identification:_identify(mcap_vendor) by extension 'colcon_pkg'
[0.077s] Level 1:colcon.colcon_core.package_identification:_identify(mcap_vendor) by extensions ['colcon_meta']
[0.077s] Level 1:colcon.colcon_core.package_identification:_identify(mcap_vendor) by extension 'colcon_meta'
[0.077s] Level 1:colcon.colcon_core.package_identification:_identify(mcap_vendor) by extensions ['ros']
[0.077s] Level 1:colcon.colcon_core.package_identification:_identify(mcap_vendor) by extension 'ros'
[0.077s] DEBUG:colcon.colcon_core.package_identification:Package 'mcap_vendor' with type 'ros.ament_cmake' and name 'mcap_vendor'
[0.077s] Level 1:colcon.colcon_core.package_identification:_identify(ros2bag) by extensions ['ignore', 'ignore_ament_install']
[0.077s] Level 1:colcon.colcon_core.package_identification:_identify(ros2bag) by extension 'ignore'
[0.077s] Level 1:colcon.colcon_core.package_identification:_identify(ros2bag) by extension 'ignore_ament_install'
[0.077s] Level 1:colcon.colcon_core.package_identification:_identify(ros2bag) by extensions ['colcon_pkg']
[0.077s] Level 1:colcon.colcon_core.package_identification:_identify(ros2bag) by extension 'colcon_pkg'
[0.077s] Level 1:colcon.colcon_core.package_identification:_identify(ros2bag) by extensions ['colcon_meta']
[0.077s] Level 1:colcon.colcon_core.package_identification:_identify(ros2bag) by extension 'colcon_meta'
[0.077s] Level 1:colcon.colcon_core.package_identification:_identify(ros2bag) by extensions ['ros']
[0.077s] Level 1:colcon.colcon_core.package_identification:_identify(ros2bag) by extension 'ros'
[0.077s] DEBUG:colcon.colcon_core.package_identification:Package 'ros2bag' with type 'ros.ament_python' and name 'ros2bag'
[0.077s] Level 1:colcon.colcon_core.package_identification:_identify(rosbag2) by extensions ['ignore', 'ignore_ament_install']
[0.077s] Level 1:colcon.colcon_core.package_identification:_identify(rosbag2) by extension 'ignore'
[0.077s] Level 1:colcon.colcon_core.package_identification:_identify(rosbag2) by extension 'ignore_ament_install'
[0.077s] Level 1:colcon.colcon_core.package_identification:_identify(rosbag2) by extensions ['colcon_pkg']
[0.077s] Level 1:colcon.colcon_core.package_identification:_identify(rosbag2) by extension 'colcon_pkg'
[0.077s] Level 1:colcon.colcon_core.package_identification:_identify(rosbag2) by extensions ['colcon_meta']
[0.077s] Level 1:colcon.colcon_core.package_identification:_identify(rosbag2) by extension 'colcon_meta'
[0.077s] Level 1:colcon.colcon_core.package_identification:_identify(rosbag2) by extensions ['ros']
[0.077s] Level 1:colcon.colcon_core.package_identification:_identify(rosbag2) by extension 'ros'
[0.078s] DEBUG:colcon.colcon_core.package_identification:Package 'rosbag2' with type 'ros.ament_cmake' and name 'rosbag2'
[0.078s] Level 1:colcon.colcon_core.package_identification:_identify(rosbag2_compression) by extensions ['ignore', 'ignore_ament_install']
[0.078s] Level 1:colcon.colcon_core.package_identification:_identify(rosbag2_compression) by extension 'ignore'
[0.078s] Level 1:colcon.colcon_core.package_identification:_identify(rosbag2_compression) by extension 'ignore_ament_install'
[0.078s] Level 1:colcon.colcon_core.package_identification:_identify(rosbag2_compression) by extensions ['colcon_pkg']
[0.078s] Level 1:colcon.colcon_core.package_identification:_identify(rosbag2_compression) by extension 'colcon_pkg'
[0.078s] Level 1:colcon.colcon_core.package_identification:_identify(rosbag2_compression) by extensions ['colcon_meta']
[0.078s] Level 1:colcon.colcon_core.package_identification:_identify(rosbag2_compression) by extension 'colcon_meta'
[0.078s] Level 1:colcon.colcon_core.package_identification:_identify(rosbag2_compression) by extensions ['ros']
[0.078s] Level 1:colcon.colcon_core.package_identification:_identify(rosbag2_compression) by extension 'ros'
[0.078s] DEBUG:colcon.colcon_core.package_identification:Package 'rosbag2_compression' with type 'ros.ament_cmake' and name 'rosbag2_compression'
[0.078s] Level 1:colcon.colcon_core.package_identification:_identify(rosbag2_compression_zstd) by extensions ['ignore', 'ignore_ament_install']
[0.078s] Level 1:colcon.colcon_core.package_identification:_identify(rosbag2_compression_zstd) by extension 'ignore'
[0.078s] Level 1:colcon.colcon_core.package_identification:_identify(rosbag2_compression_zstd) by extension 'ignore_ament_install'
[0.078s] Level 1:colcon.colcon_core.package_identification:_identify(rosbag2_compression_zstd) by extensions ['colcon_pkg']
[0.078s] Level 1:colcon.colcon_core.package_identification:_identify(rosbag2_compression_zstd) by extension 'colcon_pkg'
[0.078s] Level 1:colcon.colcon_core.package_identification:_identify(rosbag2_compression_zstd) by extensions ['colcon_meta']
[0.078s] Level 1:colcon.colcon_core.package_identification:_identify(rosbag2_compression_zstd) by extension 'colcon_meta'
[0.078s] Level 1:colcon.colcon_core.package_identification:_identify(rosbag2_compression_zstd) by extensions ['ros']
[0.078s] Level 1:colcon.colcon_core.package_identification:_identify(rosbag2_compression_zstd) by extension 'ros'
[0.079s] DEBUG:colcon.colcon_core.package_identification:Package 'rosbag2_compression_zstd' with type 'ros.ament_cmake' and name 'rosbag2_compression_zstd'
[0.079s] Level 1:colcon.colcon_core.package_identification:_identify(rosbag2_cpp) by extensions ['ignore', 'ignore_ament_install']
[0.079s] Level 1:colcon.colcon_core.package_identification:_identify(rosbag2_cpp) by extension 'ignore'
[0.079s] Level 1:colcon.colcon_core.package_identification:_identify(rosbag2_cpp) by extension 'ignore_ament_install'
[0.079s] Level 1:colcon.colcon_core.package_identification:_identify(rosbag2_cpp) by extensions ['colcon_pkg']
[0.079s] Level 1:colcon.colcon_core.package_identification:_identify(rosbag2_cpp) by extension 'colcon_pkg'
[0.079s] Level 1:colcon.colcon_core.package_identification:_identify(rosbag2_cpp) by extensions ['colcon_meta']
[0.079s] Level 1:colcon.colcon_core.package_identification:_identify(rosbag2_cpp) by extension 'colcon_meta'
[0.079s] Level 1:colcon.colcon_core.package_identification:_identify(rosbag2_cpp) by extensions ['ros']
[0.079s] Level 1:colcon.colcon_core.package_identification:_identify(rosbag2_cpp) by extension 'ros'
[0.079s] DEBUG:colcon.colcon_core.package_identification:Package 'rosbag2_cpp' with type 'ros.ament_cmake' and name 'rosbag2_cpp'
[0.079s] Level 1:colcon.colcon_core.package_identification:_identify(rosbag2_examples) by extensions ['ignore', 'ignore_ament_install']
[0.079s] Level 1:colcon.colcon_core.package_identification:_identify(rosbag2_examples) by extension 'ignore'
[0.079s] Level 1:colcon.colcon_core.package_identification:_identify(rosbag2_examples) by extension 'ignore_ament_install'
[0.079s] Level 1:colcon.colcon_core.package_identification:_identify(rosbag2_examples) by extensions ['colcon_pkg']
[0.079s] Level 1:colcon.colcon_core.package_identification:_identify(rosbag2_examples) by extension 'colcon_pkg'
[0.079s] Level 1:colcon.colcon_core.package_identification:_identify(rosbag2_examples) by extensions ['colcon_meta']
[0.079s] Level 1:colcon.colcon_core.package_identification:_identify(rosbag2_examples) by extension 'colcon_meta'
[0.079s] Level 1:colcon.colcon_core.package_identification:_identify(rosbag2_examples) by extensions ['ros']
[0.079s] Level 1:colcon.colcon_core.package_identification:_identify(rosbag2_examples) by extension 'ros'
[0.079s] Level 1:colcon.colcon_core.package_identification:_identify(rosbag2_examples) by extensions ['cmake', 'python']
[0.079s] Level 1:colcon.colcon_core.package_identification:_identify(rosbag2_examples) by extension 'cmake'
[0.079s] Level 1:colcon.colcon_core.package_identification:_identify(rosbag2_examples) by extension 'python'
[0.079s] Level 1:colcon.colcon_core.package_identification:_identify(rosbag2_examples) by extensions ['python_setup_py']
[0.079s] Level 1:colcon.colcon_core.package_identification:_identify(rosbag2_examples) by extension 'python_setup_py'
[0.079s] Level 1:colcon.colcon_core.package_identification:_identify(rosbag2_examples/rosbag2_examples_cpp) by extensions ['ignore', 'ignore_ament_install']
[0.079s] Level 1:colcon.colcon_core.package_identification:_identify(rosbag2_examples/rosbag2_examples_cpp) by extension 'ignore'
[0.079s] Level 1:colcon.colcon_core.package_identification:_identify(rosbag2_examples/rosbag2_examples_cpp) by extension 'ignore_ament_install'
[0.079s] Level 1:colcon.colcon_core.package_identification:_identify(rosbag2_examples/rosbag2_examples_cpp) by extensions ['colcon_pkg']
[0.080s] Level 1:colcon.colcon_core.package_identification:_identify(rosbag2_examples/rosbag2_examples_cpp) by extension 'colcon_pkg'
[0.080s] Level 1:colcon.colcon_core.package_identification:_identify(rosbag2_examples/rosbag2_examples_cpp) by extensions ['colcon_meta']
[0.080s] Level 1:colcon.colcon_core.package_identification:_identify(rosbag2_examples/rosbag2_examples_cpp) by extension 'colcon_meta'
[0.080s] Level 1:colcon.colcon_core.package_identification:_identify(rosbag2_examples/rosbag2_examples_cpp) by extensions ['ros']
[0.080s] Level 1:colcon.colcon_core.package_identification:_identify(rosbag2_examples/rosbag2_examples_cpp) by extension 'ros'
[0.080s] DEBUG:colcon.colcon_core.package_identification:Package 'rosbag2_examples/rosbag2_examples_cpp' with type 'ros.ament_cmake' and name 'rosbag2_examples_cpp'
[0.080s] Level 1:colcon.colcon_core.package_identification:_identify(rosbag2_examples/rosbag2_examples_py) by extensions ['ignore', 'ignore_ament_install']
[0.080s] Level 1:colcon.colcon_core.package_identification:_identify(rosbag2_examples/rosbag2_examples_py) by extension 'ignore'
[0.080s] Level 1:colcon.colcon_core.package_identification:_identify(rosbag2_examples/rosbag2_examples_py) by extension 'ignore_ament_install'
[0.080s] Level 1:colcon.colcon_core.package_identification:_identify(rosbag2_examples/rosbag2_examples_py) by extensions ['colcon_pkg']
[0.080s] Level 1:colcon.colcon_core.package_identification:_identify(rosbag2_examples/rosbag2_examples_py) by extension 'colcon_pkg'
[0.080s] Level 1:colcon.colcon_core.package_identification:_identify(rosbag2_examples/rosbag2_examples_py) by extensions ['colcon_meta']
[0.080s] Level 1:colcon.colcon_core.package_identification:_identify(rosbag2_examples/rosbag2_examples_py) by extension 'colcon_meta'
[0.080s] Level 1:colcon.colcon_core.package_identification:_identify(rosbag2_examples/rosbag2_examples_py) by extensions ['ros']
[0.080s] Level 1:colcon.colcon_core.package_identification:_identify(rosbag2_examples/rosbag2_examples_py) by extension 'ros'
[0.080s] DEBUG:colcon.colcon_core.package_identification:Package 'rosbag2_examples/rosbag2_examples_py' with type 'ros.ament_python' and name 'rosbag2_examples_py'
[0.080s] Level 1:colcon.colcon_core.package_identification:_identify(rosbag2_interfaces) by extensions ['ignore', 'ignore_ament_install']
[0.080s] Level 1:colcon.colcon_core.package_identification:_identify(rosbag2_interfaces) by extension 'ignore'
[0.080s] Level 1:colcon.colcon_core.package_identification:_identify(rosbag2_interfaces) by extension 'ignore_ament_install'
[0.080s] Level 1:colcon.colcon_core.package_identification:_identify(rosbag2_interfaces) by extensions ['colcon_pkg']
[0.080s] Level 1:colcon.colcon_core.package_identification:_identify(rosbag2_interfaces) by extension 'colcon_pkg'
[0.080s] Level 1:colcon.colcon_core.package_identification:_identify(rosbag2_interfaces) by extensions ['colcon_meta']
[0.080s] Level 1:colcon.colcon_core.package_identification:_identify(rosbag2_interfaces) by extension 'colcon_meta'
[0.080s] Level 1:colcon.colcon_core.package_identification:_identify(rosbag2_interfaces) by extensions ['ros']
[0.080s] Level 1:colcon.colcon_core.package_identification:_identify(rosbag2_interfaces) by extension 'ros'
[0.081s] DEBUG:colcon.colcon_core.package_identification:Package 'rosbag2_interfaces' with type 'ros.ament_cmake' and name 'rosbag2_interfaces'
[0.081s] Level 1:colcon.colcon_core.package_identification:_identify(rosbag2_performance) by extensions ['ignore', 'ignore_ament_install']
[0.081s] Level 1:colcon.colcon_core.package_identification:_identify(rosbag2_performance) by extension 'ignore'
[0.081s] Level 1:colcon.colcon_core.package_identification:_identify(rosbag2_performance) by extension 'ignore_ament_install'
[0.081s] Level 1:colcon.colcon_core.package_identification:_identify(rosbag2_performance) by extensions ['colcon_pkg']
[0.081s] Level 1:colcon.colcon_core.package_identification:_identify(rosbag2_performance) by extension 'colcon_pkg'
[0.081s] Level 1:colcon.colcon_core.package_identification:_identify(rosbag2_performance) by extensions ['colcon_meta']
[0.081s] Level 1:colcon.colcon_core.package_identification:_identify(rosbag2_performance) by extension 'colcon_meta'
[0.081s] Level 1:colcon.colcon_core.package_identification:_identify(rosbag2_performance) by extensions ['ros']
[0.081s] Level 1:colcon.colcon_core.package_identification:_identify(rosbag2_performance) by extension 'ros'
[0.081s] Level 1:colcon.colcon_core.package_identification:_identify(rosbag2_performance) by extensions ['cmake', 'python']
[0.081s] Level 1:colcon.colcon_core.package_identification:_identify(rosbag2_performance) by extension 'cmake'
[0.081s] Level 1:colcon.colcon_core.package_identification:_identify(rosbag2_performance) by extension 'python'
[0.081s] Level 1:colcon.colcon_core.package_identification:_identify(rosbag2_performance) by extensions ['python_setup_py']
[0.081s] Level 1:colcon.colcon_core.package_identification:_identify(rosbag2_performance) by extension 'python_setup_py'
[0.081s] Level 1:colcon.colcon_core.package_identification:_identify(rosbag2_performance/rosbag2_performance_benchmarking) by extensions ['ignore', 'ignore_ament_install']
[0.081s] Level 1:colcon.colcon_core.package_identification:_identify(rosbag2_performance/rosbag2_performance_benchmarking) by extension 'ignore'
[0.081s] Level 1:colcon.colcon_core.package_identification:_identify(rosbag2_performance/rosbag2_performance_benchmarking) by extension 'ignore_ament_install'
[0.081s] Level 1:colcon.colcon_core.package_identification:_identify(rosbag2_performance/rosbag2_performance_benchmarking) by extensions ['colcon_pkg']
[0.081s] Level 1:colcon.colcon_core.package_identification:_identify(rosbag2_performance/rosbag2_performance_benchmarking) by extension 'colcon_pkg'
[0.081s] Level 1:colcon.colcon_core.package_identification:_identify(rosbag2_performance/rosbag2_performance_benchmarking) by extensions ['colcon_meta']
[0.081s] Level 1:colcon.colcon_core.package_identification:_identify(rosbag2_performance/rosbag2_performance_benchmarking) by extension 'colcon_meta'
[0.081s] Level 1:colcon.colcon_core.package_identification:_identify(rosbag2_performance/rosbag2_performance_benchmarking) by extensions ['ros']
[0.081s] Level 1:colcon.colcon_core.package_identification:_identify(rosbag2_performance/rosbag2_performance_benchmarking) by extension 'ros'
[0.081s] DEBUG:colcon.colcon_core.package_identification:Package 'rosbag2_performance/rosbag2_performance_benchmarking' with type 'ros.ament_cmake' and name 'rosbag2_performance_benchmarking'
[0.081s] Level 1:colcon.colcon_core.package_identification:_identify(rosbag2_performance/rosbag2_performance_benchmarking_msgs) by extensions ['ignore', 'ignore_ament_install']
[0.081s] Level 1:colcon.colcon_core.package_identification:_identify(rosbag2_performance/rosbag2_performance_benchmarking_msgs) by extension 'ignore'
[0.081s] Level 1:colcon.colcon_core.package_identification:_identify(rosbag2_performance/rosbag2_performance_benchmarking_msgs) by extension 'ignore_ament_install'
[0.081s] Level 1:colcon.colcon_core.package_identification:_identify(rosbag2_performance/rosbag2_performance_benchmarking_msgs) by extensions ['colcon_pkg']
[0.081s] Level 1:colcon.colcon_core.package_identification:_identify(rosbag2_performance/rosbag2_performance_benchmarking_msgs) by extension 'colcon_pkg'
[0.081s] Level 1:colcon.colcon_core.package_identification:_identify(rosbag2_performance/rosbag2_performance_benchmarking_msgs) by extensions ['colcon_meta']
[0.081s] Level 1:colcon.colcon_core.package_identification:_identify(rosbag2_performance/rosbag2_performance_benchmarking_msgs) by extension 'colcon_meta'
[0.082s] Level 1:colcon.colcon_core.package_identification:_identify(rosbag2_performance/rosbag2_performance_benchmarking_msgs) by extensions ['ros']
[0.082s] Level 1:colcon.colcon_core.package_identification:_identify(rosbag2_performance/rosbag2_performance_benchmarking_msgs) by extension 'ros'
[0.082s] DEBUG:colcon.colcon_core.package_identification:Package 'rosbag2_performance/rosbag2_performance_benchmarking_msgs' with type 'ros.ament_cmake' and name 'rosbag2_performance_benchmarking_msgs'
[0.082s] Level 1:colcon.colcon_core.package_identification:_identify(rosbag2_py) by extensions ['ignore', 'ignore_ament_install']
[0.082s] Level 1:colcon.colcon_core.package_identification:_identify(rosbag2_py) by extension 'ignore'
[0.082s] Level 1:colcon.colcon_core.package_identification:_identify(rosbag2_py) by extension 'ignore_ament_install'
[0.082s] Level 1:colcon.colcon_core.package_identification:_identify(rosbag2_py) by extensions ['colcon_pkg']
[0.082s] Level 1:colcon.colcon_core.package_identification:_identify(rosbag2_py) by extension 'colcon_pkg'
[0.082s] Level 1:colcon.colcon_core.package_identification:_identify(rosbag2_py) by extensions ['colcon_meta']
[0.082s] Level 1:colcon.colcon_core.package_identification:_identify(rosbag2_py) by extension 'colcon_meta'
[0.082s] Level 1:colcon.colcon_core.package_identification:_identify(rosbag2_py) by extensions ['ros']
[0.082s] Level 1:colcon.colcon_core.package_identification:_identify(rosbag2_py) by extension 'ros'
[0.082s] DEBUG:colcon.colcon_core.package_identification:Package 'rosbag2_py' with type 'ros.ament_cmake' and name 'rosbag2_py'
[0.082s] Level 1:colcon.colcon_core.package_identification:_identify(rosbag2_storage) by extensions ['ignore', 'ignore_ament_install']
[0.082s] Level 1:colcon.colcon_core.package_identification:_identify(rosbag2_storage) by extension 'ignore'
[0.082s] Level 1:colcon.colcon_core.package_identification:_identify(rosbag2_storage) by extension 'ignore_ament_install'
[0.082s] Level 1:colcon.colcon_core.package_identification:_identify(rosbag2_storage) by extensions ['colcon_pkg']
[0.082s] Level 1:colcon.colcon_core.package_identification:_identify(rosbag2_storage) by extension 'colcon_pkg'
[0.082s] Level 1:colcon.colcon_core.package_identification:_identify(rosbag2_storage) by extensions ['colcon_meta']
[0.082s] Level 1:colcon.colcon_core.package_identification:_identify(rosbag2_storage) by extension 'colcon_meta'
[0.082s] Level 1:colcon.colcon_core.package_identification:_identify(rosbag2_storage) by extensions ['ros']
[0.082s] Level 1:colcon.colcon_core.package_identification:_identify(rosbag2_storage) by extension 'ros'
[0.083s] DEBUG:colcon.colcon_core.package_identification:Package 'rosbag2_storage' with type 'ros.ament_cmake' and name 'rosbag2_storage'
[0.083s] Level 1:colcon.colcon_core.package_identification:_identify(rosbag2_storage_default_plugins) by extensions ['ignore', 'ignore_ament_install']
[0.083s] Level 1:colcon.colcon_core.package_identification:_identify(rosbag2_storage_default_plugins) by extension 'ignore'
[0.083s] Level 1:colcon.colcon_core.package_identification:_identify(rosbag2_storage_default_plugins) by extension 'ignore_ament_install'
[0.083s] Level 1:colcon.colcon_core.package_identification:_identify(rosbag2_storage_default_plugins) by extensions ['colcon_pkg']
[0.083s] Level 1:colcon.colcon_core.package_identification:_identify(rosbag2_storage_default_plugins) by extension 'colcon_pkg'
[0.083s] Level 1:colcon.colcon_core.package_identification:_identify(rosbag2_storage_default_plugins) by extensions ['colcon_meta']
[0.083s] Level 1:colcon.colcon_core.package_identification:_identify(rosbag2_storage_default_plugins) by extension 'colcon_meta'
[0.083s] Level 1:colcon.colcon_core.package_identification:_identify(rosbag2_storage_default_plugins) by extensions ['ros']
[0.083s] Level 1:colcon.colcon_core.package_identification:_identify(rosbag2_storage_default_plugins) by extension 'ros'
[0.083s] DEBUG:colcon.colcon_core.package_identification:Package 'rosbag2_storage_default_plugins' with type 'ros.ament_cmake' and name 'rosbag2_storage_default_plugins'
[0.083s] Level 1:colcon.colcon_core.package_identification:_identify(rosbag2_storage_mcap) by extensions ['ignore', 'ignore_ament_install']
[0.083s] Level 1:colcon.colcon_core.package_identification:_identify(rosbag2_storage_mcap) by extension 'ignore'
[0.083s] Level 1:colcon.colcon_core.package_identification:_identify(rosbag2_storage_mcap) by extension 'ignore_ament_install'
[0.083s] Level 1:colcon.colcon_core.package_identification:_identify(rosbag2_storage_mcap) by extensions ['colcon_pkg']
[0.083s] Level 1:colcon.colcon_core.package_identification:_identify(rosbag2_storage_mcap) by extension 'colcon_pkg'
[0.083s] Level 1:colcon.colcon_core.package_identification:_identify(rosbag2_storage_mcap) by extensions ['colcon_meta']
[0.083s] Level 1:colcon.colcon_core.package_identification:_identify(rosbag2_storage_mcap) by extension 'colcon_meta'
[0.083s] Level 1:colcon.colcon_core.package_identification:_identify(rosbag2_storage_mcap) by extensions ['ros']
[0.083s] Level 1:colcon.colcon_core.package_identification:_identify(rosbag2_storage_mcap) by extension 'ros'
[0.083s] DEBUG:colcon.colcon_core.package_identification:Package 'rosbag2_storage_mcap' with type 'ros.ament_cmake' and name 'rosbag2_storage_mcap'
[0.084s] Level 1:colcon.colcon_core.package_identification:_identify(rosbag2_storage_sqlite3) by extensions ['ignore', 'ignore_ament_install']
[0.084s] Level 1:colcon.colcon_core.package_identification:_identify(rosbag2_storage_sqlite3) by extension 'ignore'
[0.084s] Level 1:colcon.colcon_core.package_identification:_identify(rosbag2_storage_sqlite3) by extension 'ignore_ament_install'
[0.084s] Level 1:colcon.colcon_core.package_identification:_identify(rosbag2_storage_sqlite3) by extensions ['colcon_pkg']
[0.084s] Level 1:colcon.colcon_core.package_identification:_identify(rosbag2_storage_sqlite3) by extension 'colcon_pkg'
[0.084s] Level 1:colcon.colcon_core.package_identification:_identify(rosbag2_storage_sqlite3) by extensions ['colcon_meta']
[0.084s] Level 1:colcon.colcon_core.package_identification:_identify(rosbag2_storage_sqlite3) by extension 'colcon_meta'
[0.084s] Level 1:colcon.colcon_core.package_identification:_identify(rosbag2_storage_sqlite3) by extensions ['ros']
[0.084s] Level 1:colcon.colcon_core.package_identification:_identify(rosbag2_storage_sqlite3) by extension 'ros'
[0.084s] DEBUG:colcon.colcon_core.package_identification:Package 'rosbag2_storage_sqlite3' with type 'ros.ament_cmake' and name 'rosbag2_storage_sqlite3'
[0.084s] Level 1:colcon.colcon_core.package_identification:_identify(rosbag2_test_common) by extensions ['ignore', 'ignore_ament_install']
[0.084s] Level 1:colcon.colcon_core.package_identification:_identify(rosbag2_test_common) by extension 'ignore'
[0.084s] Level 1:colcon.colcon_core.package_identification:_identify(rosbag2_test_common) by extension 'ignore_ament_install'
[0.084s] Level 1:colcon.colcon_core.package_identification:_identify(rosbag2_test_common) by extensions ['colcon_pkg']
[0.084s] Level 1:colcon.colcon_core.package_identification:_identify(rosbag2_test_common) by extension 'colcon_pkg'
[0.084s] Level 1:colcon.colcon_core.package_identification:_identify(rosbag2_test_common) by extensions ['colcon_meta']
[0.084s] Level 1:colcon.colcon_core.package_identification:_identify(rosbag2_test_common) by extension 'colcon_meta'
[0.084s] Level 1:colcon.colcon_core.package_identification:_identify(rosbag2_test_common) by extensions ['ros']
[0.084s] Level 1:colcon.colcon_core.package_identification:_identify(rosbag2_test_common) by extension 'ros'
[0.084s] DEBUG:colcon.colcon_core.package_identification:Package 'rosbag2_test_common' with type 'ros.ament_cmake' and name 'rosbag2_test_common'
[0.084s] Level 1:colcon.colcon_core.package_identification:_identify(rosbag2_test_msgdefs) by extensions ['ignore', 'ignore_ament_install']
[0.084s] Level 1:colcon.colcon_core.package_identification:_identify(rosbag2_test_msgdefs) by extension 'ignore'
[0.084s] Level 1:colcon.colcon_core.package_identification:_identify(rosbag2_test_msgdefs) by extension 'ignore_ament_install'
[0.084s] Level 1:colcon.colcon_core.package_identification:_identify(rosbag2_test_msgdefs) by extensions ['colcon_pkg']
[0.084s] Level 1:colcon.colcon_core.package_identification:_identify(rosbag2_test_msgdefs) by extension 'colcon_pkg'
[0.084s] Level 1:colcon.colcon_core.package_identification:_identify(rosbag2_test_msgdefs) by extensions ['colcon_meta']
[0.084s] Level 1:colcon.colcon_core.package_identification:_identify(rosbag2_test_msgdefs) by extension 'colcon_meta'
[0.084s] Level 1:colcon.colcon_core.package_identification:_identify(rosbag2_test_msgdefs) by extensions ['ros']
[0.084s] Level 1:colcon.colcon_core.package_identification:_identify(rosbag2_test_msgdefs) by extension 'ros'
[0.085s] DEBUG:colcon.colcon_core.package_identification:Package 'rosbag2_test_msgdefs' with type 'ros.ament_cmake' and name 'rosbag2_test_msgdefs'
[0.085s] Level 1:colcon.colcon_core.package_identification:_identify(rosbag2_tests) by extensions ['ignore', 'ignore_ament_install']
[0.085s] Level 1:colcon.colcon_core.package_identification:_identify(rosbag2_tests) by extension 'ignore'
[0.085s] Level 1:colcon.colcon_core.package_identification:_identify(rosbag2_tests) by extension 'ignore_ament_install'
[0.085s] Level 1:colcon.colcon_core.package_identification:_identify(rosbag2_tests) by extensions ['colcon_pkg']
[0.085s] Level 1:colcon.colcon_core.package_identification:_identify(rosbag2_tests) by extension 'colcon_pkg'
[0.085s] Level 1:colcon.colcon_core.package_identification:_identify(rosbag2_tests) by extensions ['colcon_meta']
[0.085s] Level 1:colcon.colcon_core.package_identification:_identify(rosbag2_tests) by extension 'colcon_meta'
[0.085s] Level 1:colcon.colcon_core.package_identification:_identify(rosbag2_tests) by extensions ['ros']
[0.085s] Level 1:colcon.colcon_core.package_identification:_identify(rosbag2_tests) by extension 'ros'
[0.085s] DEBUG:colcon.colcon_core.package_identification:Package 'rosbag2_tests' with type 'ros.ament_cmake' and name 'rosbag2_tests'
[0.085s] Level 1:colcon.colcon_core.package_identification:_identify(rosbag2_transport) by extensions ['ignore', 'ignore_ament_install']
[0.085s] Level 1:colcon.colcon_core.package_identification:_identify(rosbag2_transport) by extension 'ignore'
[0.085s] Level 1:colcon.colcon_core.package_identification:_identify(rosbag2_transport) by extension 'ignore_ament_install'
[0.085s] Level 1:colcon.colcon_core.package_identification:_identify(rosbag2_transport) by extensions ['colcon_pkg']
[0.085s] Level 1:colcon.colcon_core.package_identification:_identify(rosbag2_transport) by extension 'colcon_pkg'
[0.085s] Level 1:colcon.colcon_core.package_identification:_identify(rosbag2_transport) by extensions ['colcon_meta']
[0.085s] Level 1:colcon.colcon_core.package_identification:_identify(rosbag2_transport) by extension 'colcon_meta'
[0.085s] Level 1:colcon.colcon_core.package_identification:_identify(rosbag2_transport) by extensions ['ros']
[0.085s] Level 1:colcon.colcon_core.package_identification:_identify(rosbag2_transport) by extension 'ros'
[0.086s] DEBUG:colcon.colcon_core.package_identification:Package 'rosbag2_transport' with type 'ros.ament_cmake' and name 'rosbag2_transport'
[0.086s] Level 1:colcon.colcon_core.package_identification:_identify(shared_queues_vendor) by extensions ['ignore', 'ignore_ament_install']
[0.086s] Level 1:colcon.colcon_core.package_identification:_identify(shared_queues_vendor) by extension 'ignore'
[0.086s] Level 1:colcon.colcon_core.package_identification:_identify(shared_queues_vendor) by extension 'ignore_ament_install'
[0.086s] Level 1:colcon.colcon_core.package_identification:_identify(shared_queues_vendor) by extensions ['colcon_pkg']
[0.086s] Level 1:colcon.colcon_core.package_identification:_identify(shared_queues_vendor) by extension 'colcon_pkg'
[0.086s] Level 1:colcon.colcon_core.package_identification:_identify(shared_queues_vendor) by extensions ['colcon_meta']
[0.086s] Level 1:colcon.colcon_core.package_identification:_identify(shared_queues_vendor) by extension 'colcon_meta'
[0.086s] Level 1:colcon.colcon_core.package_identification:_identify(shared_queues_vendor) by extensions ['ros']
[0.086s] Level 1:colcon.colcon_core.package_identification:_identify(shared_queues_vendor) by extension 'ros'
[0.086s] DEBUG:colcon.colcon_core.package_identification:Package 'shared_queues_vendor' with type 'ros.ament_cmake' and name 'shared_queues_vendor'
[0.086s] Level 1:colcon.colcon_core.package_identification:_identify(sqlite3_vendor) by extensions ['ignore', 'ignore_ament_install']
[0.086s] Level 1:colcon.colcon_core.package_identification:_identify(sqlite3_vendor) by extension 'ignore'
[0.086s] Level 1:colcon.colcon_core.package_identification:_identify(sqlite3_vendor) by extension 'ignore_ament_install'
[0.086s] Level 1:colcon.colcon_core.package_identification:_identify(sqlite3_vendor) by extensions ['colcon_pkg']
[0.086s] Level 1:colcon.colcon_core.package_identification:_identify(sqlite3_vendor) by extension 'colcon_pkg'
[0.086s] Level 1:colcon.colcon_core.package_identification:_identify(sqlite3_vendor) by extensions ['colcon_meta']
[0.086s] Level 1:colcon.colcon_core.package_identification:_identify(sqlite3_vendor) by extension 'colcon_meta'
[0.086s] Level 1:colcon.colcon_core.package_identification:_identify(sqlite3_vendor) by extensions ['ros']
[0.086s] Level 1:colcon.colcon_core.package_identification:_identify(sqlite3_vendor) by extension 'ros'
[0.086s] DEBUG:colcon.colcon_core.package_identification:Package 'sqlite3_vendor' with type 'ros.ament_cmake' and name 'sqlite3_vendor'
[0.086s] Level 1:colcon.colcon_core.package_identification:_identify(zstd_vendor) by extensions ['ignore', 'ignore_ament_install']
[0.086s] Level 1:colcon.colcon_core.package_identification:_identify(zstd_vendor) by extension 'ignore'
[0.086s] Level 1:colcon.colcon_core.package_identification:_identify(zstd_vendor) by extension 'ignore_ament_install'
[0.086s] Level 1:colcon.colcon_core.package_identification:_identify(zstd_vendor) by extensions ['colcon_pkg']
[0.086s] Level 1:colcon.colcon_core.package_identification:_identify(zstd_vendor) by extension 'colcon_pkg'
[0.086s] Level 1:colcon.colcon_core.package_identification:_identify(zstd_vendor) by extensions ['colcon_meta']
[0.086s] Level 1:colcon.colcon_core.package_identification:_identify(zstd_vendor) by extension 'colcon_meta'
[0.087s] Level 1:colcon.colcon_core.package_identification:_identify(zstd_vendor) by extensions ['ros']
[0.087s] Level 1:colcon.colcon_core.package_identification:_identify(zstd_vendor) by extension 'ros'
[0.087s] DEBUG:colcon.colcon_core.package_identification:Package 'zstd_vendor' with type 'ros.ament_cmake' and name 'zstd_vendor'
[0.087s] Level 1:colcon.colcon_core.package_discovery:discover_packages(recursive) using defaults
[0.087s] Level 1:colcon.colcon_core.package_discovery:discover_packages(ignore) discover
[0.087s] Level 1:colcon.colcon_core.package_discovery:discover_packages(ignore) using defaults
[0.087s] Level 1:colcon.colcon_core.package_discovery:discover_packages(path) discover
[0.087s] Level 1:colcon.colcon_core.package_discovery:discover_packages(path) using defaults
[0.099s] INFO:colcon.colcon_core.package_selection:Skipping package 'rosbag2' in 'rosbag2'
[0.099s] INFO:colcon.colcon_core.package_selection:Skipping package 'rosbag2_tests' in 'rosbag2_tests'
[0.099s] INFO:colcon.colcon_core.package_selection:Skipping package 'rosbag2_performance_benchmarking' in 'rosbag2_performance/rosbag2_performance_benchmarking'
[0.099s] INFO:colcon.colcon_core.package_selection:Skipping package 'rosbag2_examples_py' in 'rosbag2_examples/rosbag2_examples_py'
[0.099s] INFO:colcon.colcon_core.package_selection:Skipping package 'ros2bag' in 'ros2bag'
[0.099s] INFO:colcon.colcon_core.package_selection:Skipping package 'rosbag2_py' in 'rosbag2_py'
[0.099s] INFO:colcon.colcon_core.package_selection:Skipping package 'rosbag2_transport' in 'rosbag2_transport'
[0.099s] INFO:colcon.colcon_core.package_selection:Skipping package 'rosbag2_compression_zstd' in 'rosbag2_compression_zstd'
[0.099s] INFO:colcon.colcon_core.package_selection:Skipping package 'rosbag2_examples_cpp' in 'rosbag2_examples/rosbag2_examples_cpp'
[0.099s] INFO:colcon.colcon_core.package_selection:Skipping package 'rosbag2_compression' in 'rosbag2_compression'
[0.099s] INFO:colcon.colcon_core.package_selection:Skipping package 'shared_queues_vendor' in 'shared_queues_vendor'
[0.099s] INFO:colcon.colcon_core.package_selection:Skipping package 'rosbag2_performance_benchmarking_msgs' in 'rosbag2_performance/rosbag2_performance_benchmarking_msgs'
[0.099s] INFO:colcon.colcon_core.package_selection:Skipping package 'rosbag2_interfaces' in 'rosbag2_interfaces'
[0.099s] Level 1:colcon.colcon_core.package_discovery:discover_packages(prefix_path) check parameters
[0.099s] Level 1:colcon.colcon_core.package_discovery:discover_packages(prefix_path) discover
[0.101s] DEBUG:colcon.colcon_installed_package_information.package_discovery:Found 394 installed packages in /opt/ros/jazzy
[0.101s] Level 1:colcon.colcon_core.package_discovery:discover_packages(prefix_path) using defaults
[0.124s] WARNING:colcon.colcon_core.package_selection:Some selected packages are already built in one or more underlay workspaces:
	'rosbag2_storage_default_plugins' is in: /opt/ros/jazzy
	'zstd_vendor' is in: /opt/ros/jazzy
	'rosbag2_storage' is in: /opt/ros/jazzy
	'rosbag2_cpp' is in: /opt/ros/jazzy
If a package in a merged underlay workspace is overridden and it installs headers, then all packages in the overlay must sort their include directories by workspace order. Failure to do so may result in build failures or undefined behavior at run time.
If the overridden package is used by another package in any underlay, then the overriding package in the overlay must be API and ABI compatible or undefined behavior at run time may occur.

If you understand the risks and want to override a package anyways, add the following to the command line:
	--allow-overriding rosbag2_cpp rosbag2_storage rosbag2_storage_default_plugins zstd_vendor

This may be promoted to an error in a future release of colcon-override-check.
[0.125s] Level 5:colcon.colcon_core.verb:set package 'liblz4_vendor' build argument 'cmake_args' from command line to '['-DCMAKE_BUILD_TYPE=Release']'
[0.125s] Level 5:colcon.colcon_core.verb:set package 'liblz4_vendor' build argument 'cmake_target' from command line to 'None'
[0.125s] Level 5:colcon.colcon_core.verb:set package 'liblz4_vendor' build argument 'cmake_target_skip_unavailable' from command line to 'False'
[0.125s] Level 5:colcon.colcon_core.verb:set package 'liblz4_vendor' build argument 'cmake_clean_cache' from command line to 'False'
[0.125s] Level 5:colcon.colcon_core.verb:set package 'liblz4_vendor' build argument 'cmake_clean_first' from command line to 'False'
[0.125s] Level 5:colcon.colcon_core.verb:set package 'liblz4_vendor' build argument 'cmake_force_configure' from command line to 'False'
[0.125s] Level 5:colcon.colcon_core.verb:set package 'liblz4_vendor' build argument 'ament_cmake_args' from command line to 'None'
[0.125s] Level 5:colcon.colcon_core.verb:set package 'liblz4_vendor' build argument 'catkin_cmake_args' from command line to 'None'
[0.125s] Level 5:colcon.colcon_core.verb:set package 'liblz4_vendor' build argument 'catkin_skip_building_tests' from command line to 'False'
[0.125s] DEBUG:colcon.colcon_core.verb:Building package 'liblz4_vendor' with the following arguments: {'ament_cmake_args': None, 'build_base': '/home/fmt/.no-mistakes/worktrees/b8e3b0e906af/01KXF3EBXC00B6ZS69VCQBAJA8/build/liblz4_vendor', 'catkin_cmake_args': None, 'catkin_skip_building_tests': False, 'cmake_args': ['-DCMAKE_BUILD_TYPE=Release'], 'cmake_clean_cache': False, 'cmake_clean_first': False, 'cmake_force_configure': False, 'cmake_target': None, 'cmake_target_skip_unavailable': False, 'install_base': '/home/fmt/.no-mistakes/worktrees/b8e3b0e906af/01KXF3EBXC00B6ZS69VCQBAJA8/install/liblz4_vendor', 'merge_install': False, 'path': '/home/fmt/.no-mistakes/worktrees/b8e3b0e906af/01KXF3EBXC00B6ZS69VCQBAJA8/liblz4_vendor', 'symlink_install': False, 'test_result_base': None}
[0.125s] Level 5:colcon.colcon_core.verb:set package 'rosbag2_test_common' build argument 'cmake_args' from command line to '['-DCMAKE_BUILD_TYPE=Release']'
[0.125s] Level 5:colcon.colcon_core.verb:set package 'rosbag2_test_common' build argument 'cmake_target' from command line to 'None'
[0.125s] Level 5:colcon.colcon_core.verb:set package 'rosbag2_test_common' build argument 'cmake_target_skip_unavailable' from command line to 'False'
[0.125s] Level 5:colcon.colcon_core.verb:set package 'rosbag2_test_common' build argument 'cmake_clean_cache' from command line to 'False'
[0.125s] Level 5:colcon.colcon_core.verb:set package 'rosbag2_test_common' build argument 'cmake_clean_first' from command line to 'False'
[0.125s] Level 5:colcon.colcon_core.verb:set package 'rosbag2_test_common' build argument 'cmake_force_configure' from command line to 'False'
[0.125s] Level 5:colcon.colcon_core.verb:set package 'rosbag2_test_common' build argument 'ament_cmake_args' from command line to 'None'
[0.125s] Level 5:colcon.colcon_core.verb:set package 'rosbag2_test_common' build argument 'catkin_cmake_args' from command line to 'None'
[0.125s] Level 5:colcon.colcon_core.verb:set package 'rosbag2_test_common' build argument 'catkin_skip_building_tests' from command line to 'False'
[0.125s] DEBUG:colcon.colcon_core.verb:Building package 'rosbag2_test_common' with the following arguments: {'ament_cmake_args': None, 'build_base': '/home/fmt/.no-mistakes/worktrees/b8e3b0e906af/01KXF3EBXC00B6ZS69VCQBAJA8/build/rosbag2_test_common', 'catkin_cmake_args': None, 'catkin_skip_building_tests': False, 'cmake_args': ['-DCMAKE_BUILD_TYPE=Release'], 'cmake_clean_cache': False, 'cmake_clean_first': False, 'cmake_force_configure': False, 'cmake_target': None, 'cmake_target_skip_unavailable': False, 'install_base': '/home/fmt/.no-mistakes/worktrees/b8e3b0e906af/01KXF3EBXC00B6ZS69VCQBAJA8/install/rosbag2_test_common', 'merge_install': False, 'path': '/home/fmt/.no-mistakes/worktrees/b8e3b0e906af/01KXF3EBXC00B6ZS69VCQBAJA8/rosbag2_test_common', 'symlink_install': False, 'test_result_base': None}
[0.125s] Level 5:colcon.colcon_core.verb:set package 'rosbag2_test_msgdefs' build argument 'cmake_args' from command line to '['-DCMAKE_BUILD_TYPE=Release']'
[0.125s] Level 5:colcon.colcon_core.verb:set package 'rosbag2_test_msgdefs' build argument 'cmake_target' from command line to 'None'
[0.125s] Level 5:colcon.colcon_core.verb:set package 'rosbag2_test_msgdefs' build argument 'cmake_target_skip_unavailable' from command line to 'False'
[0.125s] Level 5:colcon.colcon_core.verb:set package 'rosbag2_test_msgdefs' build argument 'cmake_clean_cache' from command line to 'False'
[0.125s] Level 5:colcon.colcon_core.verb:set package 'rosbag2_test_msgdefs' build argument 'cmake_clean_first' from command line to 'False'
[0.125s] Level 5:colcon.colcon_core.verb:set package 'rosbag2_test_msgdefs' build argument 'cmake_force_configure' from command line to 'False'
[0.125s] Level 5:colcon.colcon_core.verb:set package 'rosbag2_test_msgdefs' build argument 'ament_cmake_args' from command line to 'None'
[0.125s] Level 5:colcon.colcon_core.verb:set package 'rosbag2_test_msgdefs' build argument 'catkin_cmake_args' from command line to 'None'
[0.125s] Level 5:colcon.colcon_core.verb:set package 'rosbag2_test_msgdefs' build argument 'catkin_skip_building_tests' from command line to 'False'
[0.125s] DEBUG:colcon.colcon_core.verb:Building package 'rosbag2_test_msgdefs' with the following arguments: {'ament_cmake_args': None, 'build_base': '/home/fmt/.no-mistakes/worktrees/b8e3b0e906af/01KXF3EBXC00B6ZS69VCQBAJA8/build/rosbag2_test_msgdefs', 'catkin_cmake_args': None, 'catkin_skip_building_tests': False, 'cmake_args': ['-DCMAKE_BUILD_TYPE=Release'], 'cmake_clean_cache': False, 'cmake_clean_first': False, 'cmake_force_configure': False, 'cmake_target': None, 'cmake_target_skip_unavailable': False, 'install_base': '/home/fmt/.no-mistakes/worktrees/b8e3b0e906af/01KXF3EBXC00B6ZS69VCQBAJA8/install/rosbag2_test_msgdefs', 'merge_install': False, 'path': '/home/fmt/.no-mistakes/worktrees/b8e3b0e906af/01KXF3EBXC00B6ZS69VCQBAJA8/rosbag2_test_msgdefs', 'symlink_install': False, 'test_result_base': None}
[0.125s] Level 5:colcon.colcon_core.verb:set package 'sqlite3_vendor' build argument 'cmake_args' from command line to '['-DCMAKE_BUILD_TYPE=Release']'
[0.125s] Level 5:colcon.colcon_core.verb:set package 'sqlite3_vendor' build argument 'cmake_target' from command line to 'None'
[0.125s] Level 5:colcon.colcon_core.verb:set package 'sqlite3_vendor' build argument 'cmake_target_skip_unavailable' from command line to 'False'
[0.125s] Level 5:colcon.colcon_core.verb:set package 'sqlite3_vendor' build argument 'cmake_clean_cache' from command line to 'False'
[0.125s] Level 5:colcon.colcon_core.verb:set package 'sqlite3_vendor' build argument 'cmake_clean_first' from command line to 'False'
[0.125s] Level 5:colcon.colcon_core.verb:set package 'sqlite3_vendor' build argument 'cmake_force_configure' from command line to 'False'
[0.125s] Level 5:colcon.colcon_core.verb:set package 'sqlite3_vendor' build argument 'ament_cmake_args' from command line to 'None'
[0.125s] Level 5:colcon.colcon_core.verb:set package 'sqlite3_vendor' build argument 'catkin_cmake_args' from command line to 'None'
[0.125s] Level 5:colcon.colcon_core.verb:set package 'sqlite3_vendor' build argument 'catkin_skip_building_tests' from command line to 'False'
[0.125s] DEBUG:colcon.colcon_core.verb:Building package 'sqlite3_vendor' with the following arguments: {'ament_cmake_args': None, 'build_base': '/home/fmt/.no-mistakes/worktrees/b8e3b0e906af/01KXF3EBXC00B6ZS69VCQBAJA8/build/sqlite3_vendor', 'catkin_cmake_args': None, 'catkin_skip_building_tests': False, 'cmake_args': ['-DCMAKE_BUILD_TYPE=Release'], 'cmake_clean_cache': False, 'cmake_clean_first': False, 'cmake_force_configure': False, 'cmake_target': None, 'cmake_target_skip_unavailable': False, 'install_base': '/home/fmt/.no-mistakes/worktrees/b8e3b0e906af/01KXF3EBXC00B6ZS69VCQBAJA8/install/sqlite3_vendor', 'merge_install': False, 'path': '/home/fmt/.no-mistakes/worktrees/b8e3b0e906af/01KXF3EBXC00B6ZS69VCQBAJA8/sqlite3_vendor', 'symlink_install': False, 'test_result_base': None}
[0.125s] Level 5:colcon.colcon_core.verb:set package 'zstd_vendor' build argument 'cmake_args' from command line to '['-DCMAKE_BUILD_TYPE=Release']'
[0.125s] Level 5:colcon.colcon_core.verb:set package 'zstd_vendor' build argument 'cmake_target' from command line to 'None'
[0.125s] Level 5:colcon.colcon_core.verb:set package 'zstd_vendor' build argument 'cmake_target_skip_unavailable' from command line to 'False'
[0.125s] Level 5:colcon.colcon_core.verb:set package 'zstd_vendor' build argument 'cmake_clean_cache' from command line to 'False'
[0.125s] Level 5:colcon.colcon_core.verb:set package 'zstd_vendor' build argument 'cmake_clean_first' from command line to 'False'
[0.125s] Level 5:colcon.colcon_core.verb:set package 'zstd_vendor' build argument 'cmake_force_configure' from command line to 'False'
[0.125s] Level 5:colcon.colcon_core.verb:set package 'zstd_vendor' build argument 'ament_cmake_args' from command line to 'None'
[0.125s] Level 5:colcon.colcon_core.verb:set package 'zstd_vendor' build argument 'catkin_cmake_args' from command line to 'None'
[0.125s] Level 5:colcon.colcon_core.verb:set package 'zstd_vendor' build argument 'catkin_skip_building_tests' from command line to 'False'
[0.125s] DEBUG:colcon.colcon_core.verb:Building package 'zstd_vendor' with the following arguments: {'ament_cmake_args': None, 'build_base': '/home/fmt/.no-mistakes/worktrees/b8e3b0e906af/01KXF3EBXC00B6ZS69VCQBAJA8/build/zstd_vendor', 'catkin_cmake_args': None, 'catkin_skip_building_tests': False, 'cmake_args': ['-DCMAKE_BUILD_TYPE=Release'], 'cmake_clean_cache': False, 'cmake_clean_first': False, 'cmake_force_configure': False, 'cmake_target': None, 'cmake_target_skip_unavailable': False, 'install_base': '/home/fmt/.no-mistakes/worktrees/b8e3b0e906af/01KXF3EBXC00B6ZS69VCQBAJA8/install/zstd_vendor', 'merge_install': False, 'path': '/home/fmt/.no-mistakes/worktrees/b8e3b0e906af/01KXF3EBXC00B6ZS69VCQBAJA8/zstd_vendor', 'symlink_install': False, 'test_result_base': None}
[0.126s] Level 5:colcon.colcon_core.verb:set package 'mcap_vendor' build argument 'cmake_args' from command line to '['-DCMAKE_BUILD_TYPE=Release']'
[0.126s] Level 5:colcon.colcon_core.verb:set package 'mcap_vendor' build argument 'cmake_target' from command line to 'None'
[0.126s] Level 5:colcon.colcon_core.verb:set package 'mcap_vendor' build argument 'cmake_target_skip_unavailable' from command line to 'False'
[0.126s] Level 5:colcon.colcon_core.verb:set package 'mcap_vendor' build argument 'cmake_clean_cache' from command line to 'False'
[0.126s] Level 5:colcon.colcon_core.verb:set package 'mcap_vendor' build argument 'cmake_clean_first' from command line to 'False'
[0.126s] Level 5:colcon.colcon_core.verb:set package 'mcap_vendor' build argument 'cmake_force_configure' from command line to 'False'
[0.126s] Level 5:colcon.colcon_core.verb:set package 'mcap_vendor' build argument 'ament_cmake_args' from command line to 'None'
[0.126s] Level 5:colcon.colcon_core.verb:set package 'mcap_vendor' build argument 'catkin_cmake_args' from command line to 'None'
[0.126s] Level 5:colcon.colcon_core.verb:set package 'mcap_vendor' build argument 'catkin_skip_building_tests' from command line to 'False'
[0.126s] DEBUG:colcon.colcon_core.verb:Building package 'mcap_vendor' with the following arguments: {'ament_cmake_args': None, 'build_base': '/home/fmt/.no-mistakes/worktrees/b8e3b0e906af/01KXF3EBXC00B6ZS69VCQBAJA8/build/mcap_vendor', 'catkin_cmake_args': None, 'catkin_skip_building_tests': False, 'cmake_args': ['-DCMAKE_BUILD_TYPE=Release'], 'cmake_clean_cache': False, 'cmake_clean_first': False, 'cmake_force_configure': False, 'cmake_target': None, 'cmake_target_skip_unavailable': False, 'install_base': '/home/fmt/.no-mistakes/worktrees/b8e3b0e906af/01KXF3EBXC00B6ZS69VCQBAJA8/install/mcap_vendor', 'merge_install': False, 'path': '/home/fmt/.no-mistakes/worktrees/b8e3b0e906af/01KXF3EBXC00B6ZS69VCQBAJA8/mcap_vendor', 'symlink_install': False, 'test_result_base': None}
[0.126s] Level 5:colcon.colcon_core.verb:set package 'rosbag2_storage' build argument 'cmake_args' from command line to '['-DCMAKE_BUILD_TYPE=Release']'
[0.126s] Level 5:colcon.colcon_core.verb:set package 'rosbag2_storage' build argument 'cmake_target' from command line to 'None'
[0.126s] Level 5:colcon.colcon_core.verb:set package 'rosbag2_storage' build argument 'cmake_target_skip_unavailable' from command line to 'False'
[0.126s] Level 5:colcon.colcon_core.verb:set package 'rosbag2_storage' build argument 'cmake_clean_cache' from command line to 'False'
[0.126s] Level 5:colcon.colcon_core.verb:set package 'rosbag2_storage' build argument 'cmake_clean_first' from command line to 'False'
[0.126s] Level 5:colcon.colcon_core.verb:set package 'rosbag2_storage' build argument 'cmake_force_configure' from command line to 'False'
[0.126s] Level 5:colcon.colcon_core.verb:set package 'rosbag2_storage' build argument 'ament_cmake_args' from command line to 'None'
[0.126s] Level 5:colcon.colcon_core.verb:set package 'rosbag2_storage' build argument 'catkin_cmake_args' from command line to 'None'
[0.126s] Level 5:colcon.colcon_core.verb:set package 'rosbag2_storage' build argument 'catkin_skip_building_tests' from command line to 'False'
[0.126s] DEBUG:colcon.colcon_core.verb:Building package 'rosbag2_storage' with the following arguments: {'ament_cmake_args': None, 'build_base': '/home/fmt/.no-mistakes/worktrees/b8e3b0e906af/01KXF3EBXC00B6ZS69VCQBAJA8/build/rosbag2_storage', 'catkin_cmake_args': None, 'catkin_skip_building_tests': False, 'cmake_args': ['-DCMAKE_BUILD_TYPE=Release'], 'cmake_clean_cache': False, 'cmake_clean_first': False, 'cmake_force_configure': False, 'cmake_target': None, 'cmake_target_skip_unavailable': False, 'install_base': '/home/fmt/.no-mistakes/worktrees/b8e3b0e906af/01KXF3EBXC00B6ZS69VCQBAJA8/install/rosbag2_storage', 'merge_install': False, 'path': '/home/fmt/.no-mistakes/worktrees/b8e3b0e906af/01KXF3EBXC00B6ZS69VCQBAJA8/rosbag2_storage', 'symlink_install': False, 'test_result_base': None}
[0.126s] Level 5:colcon.colcon_core.verb:set package 'rosbag2_storage_mcap' build argument 'cmake_args' from command line to '['-DCMAKE_BUILD_TYPE=Release']'
[0.126s] Level 5:colcon.colcon_core.verb:set package 'rosbag2_storage_mcap' build argument 'cmake_target' from command line to 'None'
[0.126s] Level 5:colcon.colcon_core.verb:set package 'rosbag2_storage_mcap' build argument 'cmake_target_skip_unavailable' from command line to 'False'
[0.126s] Level 5:colcon.colcon_core.verb:set package 'rosbag2_storage_mcap' build argument 'cmake_clean_cache' from command line to 'False'
[0.126s] Level 5:colcon.colcon_core.verb:set package 'rosbag2_storage_mcap' build argument 'cmake_clean_first' from command line to 'False'
[0.126s] Level 5:colcon.colcon_core.verb:set package 'rosbag2_storage_mcap' build argument 'cmake_force_configure' from command line to 'False'
[0.126s] Level 5:colcon.colcon_core.verb:set package 'rosbag2_storage_mcap' build argument 'ament_cmake_args' from command line to 'None'
[0.126s] Level 5:colcon.colcon_core.verb:set package 'rosbag2_storage_mcap' build argument 'catkin_cmake_args' from command line to 'None'
[0.126s] Level 5:colcon.colcon_core.verb:set package 'rosbag2_storage_mcap' build argument 'catkin_skip_building_tests' from command line to 'False'
[0.126s] DEBUG:colcon.colcon_core.verb:Building package 'rosbag2_storage_mcap' with the following arguments: {'ament_cmake_args': None, 'build_base': '/home/fmt/.no-mistakes/worktrees/b8e3b0e906af/01KXF3EBXC00B6ZS69VCQBAJA8/build/rosbag2_storage_mcap', 'catkin_cmake_args': None, 'catkin_skip_building_tests': False, 'cmake_args': ['-DCMAKE_BUILD_TYPE=Release'], 'cmake_clean_cache': False, 'cmake_clean_first': False, 'cmake_force_configure': False, 'cmake_target': None, 'cmake_target_skip_unavailable': False, 'install_base': '/home/fmt/.no-mistakes/worktrees/b8e3b0e906af/01KXF3EBXC00B6ZS69VCQBAJA8/install/rosbag2_storage_mcap', 'merge_install': False, 'path': '/home/fmt/.no-mistakes/worktrees/b8e3b0e906af/01KXF3EBXC00B6ZS69VCQBAJA8/rosbag2_storage_mcap', 'symlink_install': False, 'test_result_base': None}
[0.126s] Level 5:colcon.colcon_core.verb:set package 'rosbag2_storage_sqlite3' build argument 'cmake_args' from command line to '['-DCMAKE_BUILD_TYPE=Release']'
[0.126s] Level 5:colcon.colcon_core.verb:set package 'rosbag2_storage_sqlite3' build argument 'cmake_target' from command line to 'None'
[0.126s] Level 5:colcon.colcon_core.verb:set package 'rosbag2_storage_sqlite3' build argument 'cmake_target_skip_unavailable' from command line to 'False'
[0.126s] Level 5:colcon.colcon_core.verb:set package 'rosbag2_storage_sqlite3' build argument 'cmake_clean_cache' from command line to 'False'
[0.126s] Level 5:colcon.colcon_core.verb:set package 'rosbag2_storage_sqlite3' build argument 'cmake_clean_first' from command line to 'False'
[0.126s] Level 5:colcon.colcon_core.verb:set package 'rosbag2_storage_sqlite3' build argument 'cmake_force_configure' from command line to 'False'
[0.126s] Level 5:colcon.colcon_core.verb:set package 'rosbag2_storage_sqlite3' build argument 'ament_cmake_args' from command line to 'None'
[0.126s] Level 5:colcon.colcon_core.verb:set package 'rosbag2_storage_sqlite3' build argument 'catkin_cmake_args' from command line to 'None'
[0.126s] Level 5:colcon.colcon_core.verb:set package 'rosbag2_storage_sqlite3' build argument 'catkin_skip_building_tests' from command line to 'False'
[0.126s] DEBUG:colcon.colcon_core.verb:Building package 'rosbag2_storage_sqlite3' with the following arguments: {'ament_cmake_args': None, 'build_base': '/home/fmt/.no-mistakes/worktrees/b8e3b0e906af/01KXF3EBXC00B6ZS69VCQBAJA8/build/rosbag2_storage_sqlite3', 'catkin_cmake_args': None, 'catkin_skip_building_tests': False, 'cmake_args': ['-DCMAKE_BUILD_TYPE=Release'], 'cmake_clean_cache': False, 'cmake_clean_first': False, 'cmake_force_configure': False, 'cmake_target': None, 'cmake_target_skip_unavailable': False, 'install_base': '/home/fmt/.no-mistakes/worktrees/b8e3b0e906af/01KXF3EBXC00B6ZS69VCQBAJA8/install/rosbag2_storage_sqlite3', 'merge_install': False, 'path': '/home/fmt/.no-mistakes/worktrees/b8e3b0e906af/01KXF3EBXC00B6ZS69VCQBAJA8/rosbag2_storage_sqlite3', 'symlink_install': False, 'test_result_base': None}
[0.126s] Level 5:colcon.colcon_core.verb:set package 'rosbag2_storage_default_plugins' build argument 'cmake_args' from command line to '['-DCMAKE_BUILD_TYPE=Release']'
[0.126s] Level 5:colcon.colcon_core.verb:set package 'rosbag2_storage_default_plugins' build argument 'cmake_target' from command line to 'None'
[0.126s] Level 5:colcon.colcon_core.verb:set package 'rosbag2_storage_default_plugins' build argument 'cmake_target_skip_unavailable' from command line to 'False'
[0.126s] Level 5:colcon.colcon_core.verb:set package 'rosbag2_storage_default_plugins' build argument 'cmake_clean_cache' from command line to 'False'
[0.126s] Level 5:colcon.colcon_core.verb:set package 'rosbag2_storage_default_plugins' build argument 'cmake_clean_first' from command line to 'False'
[0.126s] Level 5:colcon.colcon_core.verb:set package 'rosbag2_storage_default_plugins' build argument 'cmake_force_configure' from command line to 'False'
[0.126s] Level 5:colcon.colcon_core.verb:set package 'rosbag2_storage_default_plugins' build argument 'ament_cmake_args' from command line to 'None'
[0.126s] Level 5:colcon.colcon_core.verb:set package 'rosbag2_storage_default_plugins' build argument 'catkin_cmake_args' from command line to 'None'
[0.126s] Level 5:colcon.colcon_core.verb:set package 'rosbag2_storage_default_plugins' build argument 'catkin_skip_building_tests' from command line to 'False'
[0.126s] DEBUG:colcon.colcon_core.verb:Building package 'rosbag2_storage_default_plugins' with the following arguments: {'ament_cmake_args': None, 'build_base': '/home/fmt/.no-mistakes/worktrees/b8e3b0e906af/01KXF3EBXC00B6ZS69VCQBAJA8/build/rosbag2_storage_default_plugins', 'catkin_cmake_args': None, 'catkin_skip_building_tests': False, 'cmake_args': ['-DCMAKE_BUILD_TYPE=Release'], 'cmake_clean_cache': False, 'cmake_clean_first': False, 'cmake_force_configure': False, 'cmake_target': None, 'cmake_target_skip_unavailable': False, 'install_base': '/home/fmt/.no-mistakes/worktrees/b8e3b0e906af/01KXF3EBXC00B6ZS69VCQBAJA8/install/rosbag2_storage_default_plugins', 'merge_install': False, 'path': '/home/fmt/.no-mistakes/worktrees/b8e3b0e906af/01KXF3EBXC00B6ZS69VCQBAJA8/rosbag2_storage_default_plugins', 'symlink_install': False, 'test_result_base': None}
[0.126s] Level 5:colcon.colcon_core.verb:set package 'rosbag2_cpp' build argument 'cmake_args' from command line to '['-DCMAKE_BUILD_TYPE=Release']'
[0.126s] Level 5:colcon.colcon_core.verb:set package 'rosbag2_cpp' build argument 'cmake_target' from command line to 'None'
[0.126s] Level 5:colcon.colcon_core.verb:set package 'rosbag2_cpp' build argument 'cmake_target_skip_unavailable' from command line to 'False'
[0.126s] Level 5:colcon.colcon_core.verb:set package 'rosbag2_cpp' build argument 'cmake_clean_cache' from command line to 'False'
[0.126s] Level 5:colcon.colcon_core.verb:set package 'rosbag2_cpp' build argument 'cmake_clean_first' from command line to 'False'
[0.126s] Level 5:colcon.colcon_core.verb:set package 'rosbag2_cpp' build argument 'cmake_force_configure' from command line to 'False'
[0.126s] Level 5:colcon.colcon_core.verb:set package 'rosbag2_cpp' build argument 'ament_cmake_args' from command line to 'None'
[0.126s] Level 5:colcon.colcon_core.verb:set package 'rosbag2_cpp' build argument 'catkin_cmake_args' from command line to 'None'
[0.126s] Level 5:colcon.colcon_core.verb:set package 'rosbag2_cpp' build argument 'catkin_skip_building_tests' from command line to 'False'
[0.126s] DEBUG:colcon.colcon_core.verb:Building package 'rosbag2_cpp' with the following arguments: {'ament_cmake_args': None, 'build_base': '/home/fmt/.no-mistakes/worktrees/b8e3b0e906af/01KXF3EBXC00B6ZS69VCQBAJA8/build/rosbag2_cpp', 'catkin_cmake_args': None, 'catkin_skip_building_tests': False, 'cmake_args': ['-DCMAKE_BUILD_TYPE=Release'], 'cmake_clean_cache': False, 'cmake_clean_first': False, 'cmake_force_configure': False, 'cmake_target': None, 'cmake_target_skip_unavailable': False, 'install_base': '/home/fmt/.no-mistakes/worktrees/b8e3b0e906af/01KXF3EBXC00B6ZS69VCQBAJA8/install/rosbag2_cpp', 'merge_install': False, 'path': '/home/fmt/.no-mistakes/worktrees/b8e3b0e906af/01KXF3EBXC00B6ZS69VCQBAJA8/rosbag2_cpp', 'symlink_install': False, 'test_result_base': None}
[0.126s] INFO:colcon.colcon_core.executor:Executing jobs using 'parallel' executor
[0.128s] DEBUG:colcon.colcon_parallel_executor.executor.parallel:run_until_complete
[0.128s] INFO:colcon.colcon_ros.task.ament_cmake.build:Building ROS package in '/home/fmt/.no-mistakes/worktrees/b8e3b0e906af/01KXF3EBXC00B6ZS69VCQBAJA8/rosbag2_test_common' with build type 'ament_cmake'
[0.128s] INFO:colcon.colcon_cmake.task.cmake.build:Building CMake package in '/home/fmt/.no-mistakes/worktrees/b8e3b0e906af/01KXF3EBXC00B6ZS69VCQBAJA8/rosbag2_test_common'
[0.130s] INFO:colcon.colcon_core.plugin_system:Skipping extension 'colcon_core.shell.bat': Not used on non-Windows systems
[0.130s] INFO:colcon.colcon_core.shell:Skip shell extension 'powershell' for command environment: Not usable outside of PowerShell
[0.130s] DEBUG:colcon.colcon_core.shell:Skip shell extension 'dsv' for command environment
[0.139s] INFO:colcon.colcon_ros.task.ament_cmake.build:Building ROS package in '/home/fmt/.no-mistakes/worktrees/b8e3b0e906af/01KXF3EBXC00B6ZS69VCQBAJA8/liblz4_vendor' with build type 'ament_cmake'
[0.140s] INFO:colcon.colcon_cmake.task.cmake.build:Building CMake package in '/home/fmt/.no-mistakes/worktrees/b8e3b0e906af/01KXF3EBXC00B6ZS69VCQBAJA8/liblz4_vendor'
[0.140s] INFO:colcon.colcon_core.shell:Skip shell extension 'powershell' for command environment: Not usable outside of PowerShell
[0.140s] DEBUG:colcon.colcon_core.shell:Skip shell extension 'dsv' for command environment
[0.141s] INFO:colcon.colcon_ros.task.ament_cmake.build:Building ROS package in '/home/fmt/.no-mistakes/worktrees/b8e3b0e906af/01KXF3EBXC00B6ZS69VCQBAJA8/zstd_vendor' with build type 'ament_cmake'
[0.142s] INFO:colcon.colcon_cmake.task.cmake.build:Building CMake package in '/home/fmt/.no-mistakes/worktrees/b8e3b0e906af/01KXF3EBXC00B6ZS69VCQBAJA8/zstd_vendor'
[0.142s] INFO:colcon.colcon_core.shell:Skip shell extension 'powershell' for command environment: Not usable outside of PowerShell
[0.142s] DEBUG:colcon.colcon_core.shell:Skip shell extension 'dsv' for command environment
[0.143s] INFO:colcon.colcon_ros.task.ament_cmake.build:Building ROS package in '/home/fmt/.no-mistakes/worktrees/b8e3b0e906af/01KXF3EBXC00B6ZS69VCQBAJA8/sqlite3_vendor' with build type 'ament_cmake'
[0.143s] INFO:colcon.colcon_cmake.task.cmake.build:Building CMake package in '/home/fmt/.no-mistakes/worktrees/b8e3b0e906af/01KXF3EBXC00B6ZS69VCQBAJA8/sqlite3_vendor'
[0.143s] INFO:colcon.colcon_core.shell:Skip shell extension 'powershell' for command environment: Not usable outside of PowerShell
[0.143s] DEBUG:colcon.colcon_core.shell:Skip shell extension 'dsv' for command environment
[0.145s] INFO:colcon.colcon_ros.task.ament_cmake.build:Building ROS package in '/home/fmt/.no-mistakes/worktrees/b8e3b0e906af/01KXF3EBXC00B6ZS69VCQBAJA8/rosbag2_test_msgdefs' with build type 'ament_cmake'
[0.145s] INFO:colcon.colcon_cmake.task.cmake.build:Building CMake package in '/home/fmt/.no-mistakes/worktrees/b8e3b0e906af/01KXF3EBXC00B6ZS69VCQBAJA8/rosbag2_test_msgdefs'
[0.145s] INFO:colcon.colcon_core.shell:Skip shell extension 'powershell' for command environment: Not usable outside of PowerShell
[0.145s] DEBUG:colcon.colcon_core.shell:Skip shell extension 'dsv' for command environment
[0.148s] DEBUG:colcon.colcon_core.event_handler.log_command:Invoking command in '/home/fmt/.no-mistakes/worktrees/b8e3b0e906af/01KXF3EBXC00B6ZS69VCQBAJA8/build/rosbag2_test_common': CMAKE_PREFIX_PATH=${CMAKE_PREFIX_PATH}:/opt/ros/jazzy DEBUGINFOD_URLS=https://debuginfod.ubuntu.com /usr/bin/cmake /home/fmt/.no-mistakes/worktrees/b8e3b0e906af/01KXF3EBXC00B6ZS69VCQBAJA8/rosbag2_test_common -DCMAKE_BUILD_TYPE=Release -DCMAKE_INSTALL_PREFIX=/home/fmt/.no-mistakes/worktrees/b8e3b0e906af/01KXF3EBXC00B6ZS69VCQBAJA8/install/rosbag2_test_common
[0.150s] DEBUG:colcon.colcon_core.event_handler.log_command:Invoking command in '/home/fmt/.no-mistakes/worktrees/b8e3b0e906af/01KXF3EBXC00B6ZS69VCQBAJA8/build/liblz4_vendor': CMAKE_PREFIX_PATH=${CMAKE_PREFIX_PATH}:/opt/ros/jazzy DEBUGINFOD_URLS=https://debuginfod.ubuntu.com /usr/bin/cmake /home/fmt/.no-mistakes/worktrees/b8e3b0e906af/01KXF3EBXC00B6ZS69VCQBAJA8/liblz4_vendor -DCMAKE_BUILD_TYPE=Release -DCMAKE_INSTALL_PREFIX=/home/fmt/.no-mistakes/worktrees/b8e3b0e906af/01KXF3EBXC00B6ZS69VCQBAJA8/install/liblz4_vendor
[0.151s] DEBUG:colcon.colcon_core.event_handler.log_command:Invoking command in '/home/fmt/.no-mistakes/worktrees/b8e3b0e906af/01KXF3EBXC00B6ZS69VCQBAJA8/build/zstd_vendor': CMAKE_PREFIX_PATH=${CMAKE_PREFIX_PATH}:/opt/ros/jazzy DEBUGINFOD_URLS=https://debuginfod.ubuntu.com /usr/bin/cmake /home/fmt/.no-mistakes/worktrees/b8e3b0e906af/01KXF3EBXC00B6ZS69VCQBAJA8/zstd_vendor -DCMAKE_BUILD_TYPE=Release -DCMAKE_INSTALL_PREFIX=/home/fmt/.no-mistakes/worktrees/b8e3b0e906af/01KXF3EBXC00B6ZS69VCQBAJA8/install/zstd_vendor
[0.151s] DEBUG:colcon.colcon_core.event_handler.log_command:Invoking command in '/home/fmt/.no-mistakes/worktrees/b8e3b0e906af/01KXF3EBXC00B6ZS69VCQBAJA8/build/sqlite3_vendor': CMAKE_PREFIX_PATH=${CMAKE_PREFIX_PATH}:/opt/ros/jazzy DEBUGINFOD_URLS=https://debuginfod.ubuntu.com /usr/bin/cmake /home/fmt/.no-mistakes/worktrees/b8e3b0e906af/01KXF3EBXC00B6ZS69VCQBAJA8/sqlite3_vendor -DCMAKE_BUILD_TYPE=Release -DCMAKE_INSTALL_PREFIX=/home/fmt/.no-mistakes/worktrees/b8e3b0e906af/01KXF3EBXC00B6ZS69VCQBAJA8/install/sqlite3_vendor
[0.152s] DEBUG:colcon.colcon_core.event_handler.log_command:Invoking command in '/home/fmt/.no-mistakes/worktrees/b8e3b0e906af/01KXF3EBXC00B6ZS69VCQBAJA8/build/rosbag2_test_msgdefs': CMAKE_PREFIX_PATH=${CMAKE_PREFIX_PATH}:/opt/ros/jazzy DEBUGINFOD_URLS=https://debuginfod.ubuntu.com /usr/bin/cmake /home/fmt/.no-mistakes/worktrees/b8e3b0e906af/01KXF3EBXC00B6ZS69VCQBAJA8/rosbag2_test_msgdefs -DCMAKE_BUILD_TYPE=Release -DCMAKE_INSTALL_PREFIX=/home/fmt/.no-mistakes/worktrees/b8e3b0e906af/01KXF3EBXC00B6ZS69VCQBAJA8/install/rosbag2_test_msgdefs
[0.709s] DEBUG:colcon.colcon_core.event_handler.log_command:Invoked command in '/home/fmt/.no-mistakes/worktrees/b8e3b0e906af/01KXF3EBXC00B6ZS69VCQBAJA8/build/zstd_vendor' returned '0': CMAKE_PREFIX_PATH=${CMAKE_PREFIX_PATH}:/opt/ros/jazzy DEBUGINFOD_URLS=https://debuginfod.ubuntu.com /usr/bin/cmake /home/fmt/.no-mistakes/worktrees/b8e3b0e906af/01KXF3EBXC00B6ZS69VCQBAJA8/zstd_vendor -DCMAKE_BUILD_TYPE=Release -DCMAKE_INSTALL_PREFIX=/home/fmt/.no-mistakes/worktrees/b8e3b0e906af/01KXF3EBXC00B6ZS69VCQBAJA8/install/zstd_vendor
[0.710s] DEBUG:colcon.colcon_core.event_handler.log_command:Invoking command in '/home/fmt/.no-mistakes/worktrees/b8e3b0e906af/01KXF3EBXC00B6ZS69VCQBAJA8/build/zstd_vendor': CMAKE_PREFIX_PATH=${CMAKE_PREFIX_PATH}:/opt/ros/jazzy DEBUGINFOD_URLS=https://debuginfod.ubuntu.com /usr/bin/cmake --build /home/fmt/.no-mistakes/worktrees/b8e3b0e906af/01KXF3EBXC00B6ZS69VCQBAJA8/build/zstd_vendor -- -j20 -l20
[0.710s] DEBUG:colcon.colcon_core.event_handler.log_command:Invoked command in '/home/fmt/.no-mistakes/worktrees/b8e3b0e906af/01KXF3EBXC00B6ZS69VCQBAJA8/build/sqlite3_vendor' returned '0': CMAKE_PREFIX_PATH=${CMAKE_PREFIX_PATH}:/opt/ros/jazzy DEBUGINFOD_URLS=https://debuginfod.ubuntu.com /usr/bin/cmake /home/fmt/.no-mistakes/worktrees/b8e3b0e906af/01KXF3EBXC00B6ZS69VCQBAJA8/sqlite3_vendor -DCMAKE_BUILD_TYPE=Release -DCMAKE_INSTALL_PREFIX=/home/fmt/.no-mistakes/worktrees/b8e3b0e906af/01KXF3EBXC00B6ZS69VCQBAJA8/install/sqlite3_vendor
[0.711s] DEBUG:colcon.colcon_core.event_handler.log_command:Invoking command in '/home/fmt/.no-mistakes/worktrees/b8e3b0e906af/01KXF3EBXC00B6ZS69VCQBAJA8/build/sqlite3_vendor': CMAKE_PREFIX_PATH=${CMAKE_PREFIX_PATH}:/opt/ros/jazzy DEBUGINFOD_URLS=https://debuginfod.ubuntu.com /usr/bin/cmake --build /home/fmt/.no-mistakes/worktrees/b8e3b0e906af/01KXF3EBXC00B6ZS69VCQBAJA8/build/sqlite3_vendor -- -j20 -l20
[0.711s] DEBUG:colcon.colcon_core.event_handler.log_command:Invoked command in '/home/fmt/.no-mistakes/worktrees/b8e3b0e906af/01KXF3EBXC00B6ZS69VCQBAJA8/build/liblz4_vendor' returned '0': CMAKE_PREFIX_PATH=${CMAKE_PREFIX_PATH}:/opt/ros/jazzy DEBUGINFOD_URLS=https://debuginfod.ubuntu.com /usr/bin/cmake /home/fmt/.no-mistakes/worktrees/b8e3b0e906af/01KXF3EBXC00B6ZS69VCQBAJA8/liblz4_vendor -DCMAKE_BUILD_TYPE=Release -DCMAKE_INSTALL_PREFIX=/home/fmt/.no-mistakes/worktrees/b8e3b0e906af/01KXF3EBXC00B6ZS69VCQBAJA8/install/liblz4_vendor
[0.711s] DEBUG:colcon.colcon_core.event_handler.log_command:Invoking command in '/home/fmt/.no-mistakes/worktrees/b8e3b0e906af/01KXF3EBXC00B6ZS69VCQBAJA8/build/liblz4_vendor': CMAKE_PREFIX_PATH=${CMAKE_PREFIX_PATH}:/opt/ros/jazzy DEBUGINFOD_URLS=https://debuginfod.ubuntu.com /usr/bin/cmake --build /home/fmt/.no-mistakes/worktrees/b8e3b0e906af/01KXF3EBXC00B6ZS69VCQBAJA8/build/liblz4_vendor -- -j20 -l20
[0.733s] DEBUG:colcon.colcon_core.event_handler.log_command:Invoked command in '/home/fmt/.no-mistakes/worktrees/b8e3b0e906af/01KXF3EBXC00B6ZS69VCQBAJA8/build/liblz4_vendor' returned '0': CMAKE_PREFIX_PATH=${CMAKE_PREFIX_PATH}:/opt/ros/jazzy DEBUGINFOD_URLS=https://debuginfod.ubuntu.com /usr/bin/cmake --build /home/fmt/.no-mistakes/worktrees/b8e3b0e906af/01KXF3EBXC00B6ZS69VCQBAJA8/build/liblz4_vendor -- -j20 -l20
[0.737s] DEBUG:colcon.colcon_core.event_handler.log_command:Invoking command in '/home/fmt/.no-mistakes/worktrees/b8e3b0e906af/01KXF3EBXC00B6ZS69VCQBAJA8/build/liblz4_vendor': CMAKE_PREFIX_PATH=${CMAKE_PREFIX_PATH}:/opt/ros/jazzy DEBUGINFOD_URLS=https://debuginfod.ubuntu.com /usr/bin/cmake --install /home/fmt/.no-mistakes/worktrees/b8e3b0e906af/01KXF3EBXC00B6ZS69VCQBAJA8/build/liblz4_vendor
[0.738s] DEBUG:colcon.colcon_core.event_handler.log_command:Invoked command in '/home/fmt/.no-mistakes/worktrees/b8e3b0e906af/01KXF3EBXC00B6ZS69VCQBAJA8/build/sqlite3_vendor' returned '0': CMAKE_PREFIX_PATH=${CMAKE_PREFIX_PATH}:/opt/ros/jazzy DEBUGINFOD_URLS=https://debuginfod.ubuntu.com /usr/bin/cmake --build /home/fmt/.no-mistakes/worktrees/b8e3b0e906af/01KXF3EBXC00B6ZS69VCQBAJA8/build/sqlite3_vendor -- -j20 -l20
[0.738s] DEBUG:colcon.colcon_core.event_handler.log_command:Invoking command in '/home/fmt/.no-mistakes/worktrees/b8e3b0e906af/01KXF3EBXC00B6ZS69VCQBAJA8/build/sqlite3_vendor': CMAKE_PREFIX_PATH=${CMAKE_PREFIX_PATH}:/opt/ros/jazzy DEBUGINFOD_URLS=https://debuginfod.ubuntu.com /usr/bin/cmake --install /home/fmt/.no-mistakes/worktrees/b8e3b0e906af/01KXF3EBXC00B6ZS69VCQBAJA8/build/sqlite3_vendor
[0.739s] DEBUG:colcon.colcon_core.event_handler.log_command:Invoked command in '/home/fmt/.no-mistakes/worktrees/b8e3b0e906af/01KXF3EBXC00B6ZS69VCQBAJA8/build/zstd_vendor' returned '0': CMAKE_PREFIX_PATH=${CMAKE_PREFIX_PATH}:/opt/ros/jazzy DEBUGINFOD_URLS=https://debuginfod.ubuntu.com /usr/bin/cmake --build /home/fmt/.no-mistakes/worktrees/b8e3b0e906af/01KXF3EBXC00B6ZS69VCQBAJA8/build/zstd_vendor -- -j20 -l20
[0.739s] DEBUG:colcon.colcon_core.event_handler.log_command:Invoking command in '/home/fmt/.no-mistakes/worktrees/b8e3b0e906af/01KXF3EBXC00B6ZS69VCQBAJA8/build/zstd_vendor': CMAKE_PREFIX_PATH=${CMAKE_PREFIX_PATH}:/opt/ros/jazzy DEBUGINFOD_URLS=https://debuginfod.ubuntu.com /usr/bin/cmake --install /home/fmt/.no-mistakes/worktrees/b8e3b0e906af/01KXF3EBXC00B6ZS69VCQBAJA8/build/zstd_vendor
[0.744s] Level 1:colcon.colcon_core.environment:create_environment_scripts_only(liblz4_vendor)
[0.744s] DEBUG:colcon.colcon_core.event_handler.log_command:Invoked command in '/home/fmt/.no-mistakes/worktrees/b8e3b0e906af/01KXF3EBXC00B6ZS69VCQBAJA8/build/liblz4_vendor' returned '0': CMAKE_PREFIX_PATH=${CMAKE_PREFIX_PATH}:/opt/ros/jazzy DEBUGINFOD_URLS=https://debuginfod.ubuntu.com /usr/bin/cmake --install /home/fmt/.no-mistakes/worktrees/b8e3b0e906af/01KXF3EBXC00B6ZS69VCQBAJA8/build/liblz4_vendor
[0.745s] Level 1:colcon.colcon_core.environment:checking '/home/fmt/.no-mistakes/worktrees/b8e3b0e906af/01KXF3EBXC00B6ZS69VCQBAJA8/install/liblz4_vendor' for CMake module files
[0.745s] Level 1:colcon.colcon_core.environment:checking '/home/fmt/.no-mistakes/worktrees/b8e3b0e906af/01KXF3EBXC00B6ZS69VCQBAJA8/install/liblz4_vendor' for CMake config files
[0.746s] Level 1:colcon.colcon_core.shell:create_environment_hook('liblz4_vendor', 'cmake_prefix_path')
[0.746s] INFO:colcon.colcon_core.shell:Creating environment hook '/home/fmt/.no-mistakes/worktrees/b8e3b0e906af/01KXF3EBXC00B6ZS69VCQBAJA8/install/liblz4_vendor/share/liblz4_vendor/hook/cmake_prefix_path.ps1'
[0.746s] INFO:colcon.colcon_core.shell:Creating environment descriptor '/home/fmt/.no-mistakes/worktrees/b8e3b0e906af/01KXF3EBXC00B6ZS69VCQBAJA8/install/liblz4_vendor/share/liblz4_vendor/hook/cmake_prefix_path.dsv'
[0.746s] INFO:colcon.colcon_core.shell:Creating environment hook '/home/fmt/.no-mistakes/worktrees/b8e3b0e906af/01KXF3EBXC00B6ZS69VCQBAJA8/install/liblz4_vendor/share/liblz4_vendor/hook/cmake_prefix_path.sh'
[0.747s] Level 1:colcon.colcon_core.environment:checking '/home/fmt/.no-mistakes/worktrees/b8e3b0e906af/01KXF3EBXC00B6ZS69VCQBAJA8/install/liblz4_vendor/bin'
[0.747s] Level 1:colcon.colcon_core.environment:checking '/home/fmt/.no-mistakes/worktrees/b8e3b0e906af/01KXF3EBXC00B6ZS69VCQBAJA8/install/liblz4_vendor/lib/pkgconfig/liblz4_vendor.pc'
[0.747s] Level 1:colcon.colcon_core.environment:checking '/home/fmt/.no-mistakes/worktrees/b8e3b0e906af/01KXF3EBXC00B6ZS69VCQBAJA8/install/liblz4_vendor/lib/python3.12/site-packages'
[0.747s] Level 1:colcon.colcon_core.environment:checking '/home/fmt/.no-mistakes/worktrees/b8e3b0e906af/01KXF3EBXC00B6ZS69VCQBAJA8/install/liblz4_vendor/bin'
[0.747s] INFO:colcon.colcon_core.shell:Creating package script '/home/fmt/.no-mistakes/worktrees/b8e3b0e906af/01KXF3EBXC00B6ZS69VCQBAJA8/install/liblz4_vendor/share/liblz4_vendor/package.ps1'
[0.748s] INFO:colcon.colcon_core.shell:Creating package descriptor '/home/fmt/.no-mistakes/worktrees/b8e3b0e906af/01KXF3EBXC00B6ZS69VCQBAJA8/install/liblz4_vendor/share/liblz4_vendor/package.dsv'
[0.748s] INFO:colcon.colcon_core.shell:Creating package script '/home/fmt/.no-mistakes/worktrees/b8e3b0e906af/01KXF3EBXC00B6ZS69VCQBAJA8/install/liblz4_vendor/share/liblz4_vendor/package.sh'
[0.748s] INFO:colcon.colcon_core.shell:Creating package script '/home/fmt/.no-mistakes/worktrees/b8e3b0e906af/01KXF3EBXC00B6ZS69VCQBAJA8/install/liblz4_vendor/share/liblz4_vendor/package.bash'
[0.749s] INFO:colcon.colcon_core.shell:Creating package script '/home/fmt/.no-mistakes/worktrees/b8e3b0e906af/01KXF3EBXC00B6ZS69VCQBAJA8/install/liblz4_vendor/share/liblz4_vendor/package.zsh'
[0.749s] Level 1:colcon.colcon_core.environment:create_file_with_runtime_dependencies(/home/fmt/.no-mistakes/worktrees/b8e3b0e906af/01KXF3EBXC00B6ZS69VCQBAJA8/install/liblz4_vendor/share/colcon-core/packages/liblz4_vendor)
[0.749s] Level 1:colcon.colcon_core.environment:create_environment_scripts_only(liblz4_vendor)
[0.749s] Level 1:colcon.colcon_core.environment:checking '/home/fmt/.no-mistakes/worktrees/b8e3b0e906af/01KXF3EBXC00B6ZS69VCQBAJA8/install/liblz4_vendor' for CMake module files
[0.749s] Level 1:colcon.colcon_core.environment:checking '/home/fmt/.no-mistakes/worktrees/b8e3b0e906af/01KXF3EBXC00B6ZS69VCQBAJA8/install/liblz4_vendor' for CMake config files
[0.750s] Level 1:colcon.colcon_core.shell:create_environment_hook('liblz4_vendor', 'cmake_prefix_path')
[0.750s] INFO:colcon.colcon_core.shell:Creating environment hook '/home/fmt/.no-mistakes/worktrees/b8e3b0e906af/01KXF3EBXC00B6ZS69VCQBAJA8/install/liblz4_vendor/share/liblz4_vendor/hook/cmake_prefix_path.ps1'
[0.750s] INFO:colcon.colcon_core.shell:Creating environment descriptor '/home/fmt/.no-mistakes/worktrees/b8e3b0e906af/01KXF3EBXC00B6ZS69VCQBAJA8/install/liblz4_vendor/share/liblz4_vendor/hook/cmake_prefix_path.dsv'
[0.750s] INFO:colcon.colcon_core.shell:Creating environment hook '/home/fmt/.no-mistakes/worktrees/b8e3b0e906af/01KXF3EBXC00B6ZS69VCQBAJA8/install/liblz4_vendor/share/liblz4_vendor/hook/cmake_prefix_path.sh'
[0.750s] Level 1:colcon.colcon_core.environment:checking '/home/fmt/.no-mistakes/worktrees/b8e3b0e906af/01KXF3EBXC00B6ZS69VCQBAJA8/install/liblz4_vendor/bin'
[0.750s] Level 1:colcon.colcon_core.environment:checking '/home/fmt/.no-mistakes/worktrees/b8e3b0e906af/01KXF3EBXC00B6ZS69VCQBAJA8/install/liblz4_vendor/lib/pkgconfig/liblz4_vendor.pc'
[0.750s] Level 1:colcon.colcon_core.environment:checking '/home/fmt/.no-mistakes/worktrees/b8e3b0e906af/01KXF3EBXC00B6ZS69VCQBAJA8/install/liblz4_vendor/lib/python3.12/site-packages'
[0.750s] Level 1:colcon.colcon_core.environment:checking '/home/fmt/.no-mistakes/worktrees/b8e3b0e906af/01KXF3EBXC00B6ZS69VCQBAJA8/install/liblz4_vendor/bin'
[0.751s] INFO:colcon.colcon_core.shell:Creating package script '/home/fmt/.no-mistakes/worktrees/b8e3b0e906af/01KXF3EBXC00B6ZS69VCQBAJA8/install/liblz4_vendor/share/liblz4_vendor/package.ps1'
[0.751s] INFO:colcon.colcon_core.shell:Creating package descriptor '/home/fmt/.no-mistakes/worktrees/b8e3b0e906af/01KXF3EBXC00B6ZS69VCQBAJA8/install/liblz4_vendor/share/liblz4_vendor/package.dsv'
[0.751s] INFO:colcon.colcon_core.shell:Creating package script '/home/fmt/.no-mistakes/worktrees/b8e3b0e906af/01KXF3EBXC00B6ZS69VCQBAJA8/install/liblz4_vendor/share/liblz4_vendor/package.sh'
[0.751s] INFO:colcon.colcon_core.shell:Creating package script '/home/fmt/.no-mistakes/worktrees/b8e3b0e906af/01KXF3EBXC00B6ZS69VCQBAJA8/install/liblz4_vendor/share/liblz4_vendor/package.bash'
[0.752s] INFO:colcon.colcon_core.shell:Creating package script '/home/fmt/.no-mistakes/worktrees/b8e3b0e906af/01KXF3EBXC00B6ZS69VCQBAJA8/install/liblz4_vendor/share/liblz4_vendor/package.zsh'
[0.752s] Level 1:colcon.colcon_core.environment:create_file_with_runtime_dependencies(/home/fmt/.no-mistakes/worktrees/b8e3b0e906af/01KXF3EBXC00B6ZS69VCQBAJA8/install/liblz4_vendor/share/colcon-core/packages/liblz4_vendor)
[0.752s] Level 1:colcon.colcon_core.environment:create_environment_scripts_only(sqlite3_vendor)
[0.752s] Level 1:colcon.colcon_core.environment:checking '/home/fmt/.no-mistakes/worktrees/b8e3b0e906af/01KXF3EBXC00B6ZS69VCQBAJA8/install/sqlite3_vendor' for CMake module files
[0.753s] DEBUG:colcon.colcon_core.event_handler.log_command:Invoked command in '/home/fmt/.no-mistakes/worktrees/b8e3b0e906af/01KXF3EBXC00B6ZS69VCQBAJA8/build/sqlite3_vendor' returned '0': CMAKE_PREFIX_PATH=${CMAKE_PREFIX_PATH}:/opt/ros/jazzy DEBUGINFOD_URLS=https://debuginfod.ubuntu.com /usr/bin/cmake --install /home/fmt/.no-mistakes/worktrees/b8e3b0e906af/01KXF3EBXC00B6ZS69VCQBAJA8/build/sqlite3_vendor
[0.753s] Level 1:colcon.colcon_core.environment:checking '/home/fmt/.no-mistakes/worktrees/b8e3b0e906af/01KXF3EBXC00B6ZS69VCQBAJA8/install/sqlite3_vendor' for CMake config files
[0.753s] Level 1:colcon.colcon_core.shell:create_environment_hook('sqlite3_vendor', 'cmake_prefix_path')
[0.753s] INFO:colcon.colcon_core.shell:Creating environment hook '/home/fmt/.no-mistakes/worktrees/b8e3b0e906af/01KXF3EBXC00B6ZS69VCQBAJA8/install/sqlite3_vendor/share/sqlite3_vendor/hook/cmake_prefix_path.ps1'
[0.754s] INFO:colcon.colcon_core.shell:Creating environment descriptor '/home/fmt/.no-mistakes/worktrees/b8e3b0e906af/01KXF3EBXC00B6ZS69VCQBAJA8/install/sqlite3_vendor/share/sqlite3_vendor/hook/cmake_prefix_path.dsv'
[0.754s] INFO:colcon.colcon_core.shell:Creating environment hook '/home/fmt/.no-mistakes/worktrees/b8e3b0e906af/01KXF3EBXC00B6ZS69VCQBAJA8/install/sqlite3_vendor/share/sqlite3_vendor/hook/cmake_prefix_path.sh'
[0.754s] Level 1:colcon.colcon_core.environment:checking '/home/fmt/.no-mistakes/worktrees/b8e3b0e906af/01KXF3EBXC00B6ZS69VCQBAJA8/install/sqlite3_vendor/bin'
[0.754s] Level 1:colcon.colcon_core.environment:checking '/home/fmt/.no-mistakes/worktrees/b8e3b0e906af/01KXF3EBXC00B6ZS69VCQBAJA8/install/sqlite3_vendor/lib/pkgconfig/sqlite3_vendor.pc'
[0.754s] Level 1:colcon.colcon_core.environment:checking '/home/fmt/.no-mistakes/worktrees/b8e3b0e906af/01KXF3EBXC00B6ZS69VCQBAJA8/install/sqlite3_vendor/lib/python3.12/site-packages'
[0.754s] Level 1:colcon.colcon_core.environment:checking '/home/fmt/.no-mistakes/worktrees/b8e3b0e906af/01KXF3EBXC00B6ZS69VCQBAJA8/install/sqlite3_vendor/bin'
[0.754s] INFO:colcon.colcon_core.shell:Creating package script '/home/fmt/.no-mistakes/worktrees/b8e3b0e906af/01KXF3EBXC00B6ZS69VCQBAJA8/install/sqlite3_vendor/share/sqlite3_vendor/package.ps1'
[0.755s] INFO:colcon.colcon_core.shell:Creating package descriptor '/home/fmt/.no-mistakes/worktrees/b8e3b0e906af/01KXF3EBXC00B6ZS69VCQBAJA8/install/sqlite3_vendor/share/sqlite3_vendor/package.dsv'
[0.755s] INFO:colcon.colcon_core.shell:Creating package script '/home/fmt/.no-mistakes/worktrees/b8e3b0e906af/01KXF3EBXC00B6ZS69VCQBAJA8/install/sqlite3_vendor/share/sqlite3_vendor/package.sh'
[0.755s] INFO:colcon.colcon_core.shell:Creating package script '/home/fmt/.no-mistakes/worktrees/b8e3b0e906af/01KXF3EBXC00B6ZS69VCQBAJA8/install/sqlite3_vendor/share/sqlite3_vendor/package.bash'
[0.755s] INFO:colcon.colcon_core.shell:Creating package script '/home/fmt/.no-mistakes/worktrees/b8e3b0e906af/01KXF3EBXC00B6ZS69VCQBAJA8/install/sqlite3_vendor/share/sqlite3_vendor/package.zsh'
[0.755s] Level 1:colcon.colcon_core.environment:create_file_with_runtime_dependencies(/home/fmt/.no-mistakes/worktrees/b8e3b0e906af/01KXF3EBXC00B6ZS69VCQBAJA8/install/sqlite3_vendor/share/colcon-core/packages/sqlite3_vendor)
[0.755s] Level 1:colcon.colcon_core.environment:create_environment_scripts_only(sqlite3_vendor)
[0.755s] Level 1:colcon.colcon_core.environment:checking '/home/fmt/.no-mistakes/worktrees/b8e3b0e906af/01KXF3EBXC00B6ZS69VCQBAJA8/install/sqlite3_vendor' for CMake module files
[0.756s] Level 1:colcon.colcon_core.environment:checking '/home/fmt/.no-mistakes/worktrees/b8e3b0e906af/01KXF3EBXC00B6ZS69VCQBAJA8/install/sqlite3_vendor' for CMake config files
[0.756s] Level 1:colcon.colcon_core.shell:create_environment_hook('sqlite3_vendor', 'cmake_prefix_path')
[0.756s] INFO:colcon.colcon_core.shell:Creating environment hook '/home/fmt/.no-mistakes/worktrees/b8e3b0e906af/01KXF3EBXC00B6ZS69VCQBAJA8/install/sqlite3_vendor/share/sqlite3_vendor/hook/cmake_prefix_path.ps1'
[0.756s] INFO:colcon.colcon_core.shell:Creating environment descriptor '/home/fmt/.no-mistakes/worktrees/b8e3b0e906af/01KXF3EBXC00B6ZS69VCQBAJA8/install/sqlite3_vendor/share/sqlite3_vendor/hook/cmake_prefix_path.dsv'
[0.756s] INFO:colcon.colcon_core.shell:Creating environment hook '/home/fmt/.no-mistakes/worktrees/b8e3b0e906af/01KXF3EBXC00B6ZS69VCQBAJA8/install/sqlite3_vendor/share/sqlite3_vendor/hook/cmake_prefix_path.sh'
[0.756s] Level 1:colcon.colcon_core.environment:checking '/home/fmt/.no-mistakes/worktrees/b8e3b0e906af/01KXF3EBXC00B6ZS69VCQBAJA8/install/sqlite3_vendor/bin'
[0.756s] Level 1:colcon.colcon_core.environment:checking '/home/fmt/.no-mistakes/worktrees/b8e3b0e906af/01KXF3EBXC00B6ZS69VCQBAJA8/install/sqlite3_vendor/lib/pkgconfig/sqlite3_vendor.pc'
[0.756s] Level 1:colcon.colcon_core.environment:checking '/home/fmt/.no-mistakes/worktrees/b8e3b0e906af/01KXF3EBXC00B6ZS69VCQBAJA8/install/sqlite3_vendor/lib/python3.12/site-packages'
[0.757s] Level 1:colcon.colcon_core.environment:checking '/home/fmt/.no-mistakes/worktrees/b8e3b0e906af/01KXF3EBXC00B6ZS69VCQBAJA8/install/sqlite3_vendor/bin'
[0.757s] INFO:colcon.colcon_core.shell:Creating package script '/home/fmt/.no-mistakes/worktrees/b8e3b0e906af/01KXF3EBXC00B6ZS69VCQBAJA8/install/sqlite3_vendor/share/sqlite3_vendor/package.ps1'
[0.757s] INFO:colcon.colcon_core.shell:Creating package descriptor '/home/fmt/.no-mistakes/worktrees/b8e3b0e906af/01KXF3EBXC00B6ZS69VCQBAJA8/install/sqlite3_vendor/share/sqlite3_vendor/package.dsv'
[0.757s] INFO:colcon.colcon_core.shell:Creating package script '/home/fmt/.no-mistakes/worktrees/b8e3b0e906af/01KXF3EBXC00B6ZS69VCQBAJA8/install/sqlite3_vendor/share/sqlite3_vendor/package.sh'
[0.757s] INFO:colcon.colcon_core.shell:Creating package script '/home/fmt/.no-mistakes/worktrees/b8e3b0e906af/01KXF3EBXC00B6ZS69VCQBAJA8/install/sqlite3_vendor/share/sqlite3_vendor/package.bash'
[0.758s] INFO:colcon.colcon_core.shell:Creating package script '/home/fmt/.no-mistakes/worktrees/b8e3b0e906af/01KXF3EBXC00B6ZS69VCQBAJA8/install/sqlite3_vendor/share/sqlite3_vendor/package.zsh'
[0.758s] Level 1:colcon.colcon_core.environment:create_file_with_runtime_dependencies(/home/fmt/.no-mistakes/worktrees/b8e3b0e906af/01KXF3EBXC00B6ZS69VCQBAJA8/install/sqlite3_vendor/share/colcon-core/packages/sqlite3_vendor)
[0.758s] Level 1:colcon.colcon_core.environment:create_environment_scripts_only(zstd_vendor)
[0.758s] Level 1:colcon.colcon_core.environment:checking '/home/fmt/.no-mistakes/worktrees/b8e3b0e906af/01KXF3EBXC00B6ZS69VCQBAJA8/install/zstd_vendor' for CMake module files
[0.758s] Level 1:colcon.colcon_core.environment:checking '/home/fmt/.no-mistakes/worktrees/b8e3b0e906af/01KXF3EBXC00B6ZS69VCQBAJA8/install/zstd_vendor' for CMake config files
[0.758s] Level 1:colcon.colcon_core.shell:create_environment_hook('zstd_vendor', 'cmake_prefix_path')
[0.758s] INFO:colcon.colcon_core.shell:Creating environment hook '/home/fmt/.no-mistakes/worktrees/b8e3b0e906af/01KXF3EBXC00B6ZS69VCQBAJA8/install/zstd_vendor/share/zstd_vendor/hook/cmake_prefix_path.ps1'
[0.759s] INFO:colcon.colcon_core.shell:Creating environment descriptor '/home/fmt/.no-mistakes/worktrees/b8e3b0e906af/01KXF3EBXC00B6ZS69VCQBAJA8/install/zstd_vendor/share/zstd_vendor/hook/cmake_prefix_path.dsv'
[0.759s] DEBUG:colcon.colcon_core.event_handler.log_command:Invoked command in '/home/fmt/.no-mistakes/worktrees/b8e3b0e906af/01KXF3EBXC00B6ZS69VCQBAJA8/build/zstd_vendor' returned '0': CMAKE_PREFIX_PATH=${CMAKE_PREFIX_PATH}:/opt/ros/jazzy DEBUGINFOD_URLS=https://debuginfod.ubuntu.com /usr/bin/cmake --install /home/fmt/.no-mistakes/worktrees/b8e3b0e906af/01KXF3EBXC00B6ZS69VCQBAJA8/build/zstd_vendor
[0.759s] INFO:colcon.colcon_core.shell:Creating environment hook '/home/fmt/.no-mistakes/worktrees/b8e3b0e906af/01KXF3EBXC00B6ZS69VCQBAJA8/install/zstd_vendor/share/zstd_vendor/hook/cmake_prefix_path.sh'
[0.759s] Level 1:colcon.colcon_core.environment:checking '/home/fmt/.no-mistakes/worktrees/b8e3b0e906af/01KXF3EBXC00B6ZS69VCQBAJA8/install/zstd_vendor/bin'
[0.759s] Level 1:colcon.colcon_core.environment:checking '/home/fmt/.no-mistakes/worktrees/b8e3b0e906af/01KXF3EBXC00B6ZS69VCQBAJA8/install/zstd_vendor/lib/pkgconfig/zstd_vendor.pc'
[0.759s] Level 1:colcon.colcon_core.environment:checking '/home/fmt/.no-mistakes/worktrees/b8e3b0e906af/01KXF3EBXC00B6ZS69VCQBAJA8/install/zstd_vendor/lib/python3.12/site-packages'
[0.759s] Level 1:colcon.colcon_core.environment:checking '/home/fmt/.no-mistakes/worktrees/b8e3b0e906af/01KXF3EBXC00B6ZS69VCQBAJA8/install/zstd_vendor/bin'
[0.760s] INFO:colcon.colcon_core.shell:Creating package script '/home/fmt/.no-mistakes/worktrees/b8e3b0e906af/01KXF3EBXC00B6ZS69VCQBAJA8/install/zstd_vendor/share/zstd_vendor/package.ps1'
[0.760s] INFO:colcon.colcon_core.shell:Creating package descriptor '/home/fmt/.no-mistakes/worktrees/b8e3b0e906af/01KXF3EBXC00B6ZS69VCQBAJA8/install/zstd_vendor/share/zstd_vendor/package.dsv'
[0.760s] INFO:colcon.colcon_core.shell:Creating package script '/home/fmt/.no-mistakes/worktrees/b8e3b0e906af/01KXF3EBXC00B6ZS69VCQBAJA8/install/zstd_vendor/share/zstd_vendor/package.sh'
[0.760s] INFO:colcon.colcon_core.shell:Creating package script '/home/fmt/.no-mistakes/worktrees/b8e3b0e906af/01KXF3EBXC00B6ZS69VCQBAJA8/install/zstd_vendor/share/zstd_vendor/package.bash'
[0.760s] INFO:colcon.colcon_core.shell:Creating package script '/home/fmt/.no-mistakes/worktrees/b8e3b0e906af/01KXF3EBXC00B6ZS69VCQBAJA8/install/zstd_vendor/share/zstd_vendor/package.zsh'
[0.760s] Level 1:colcon.colcon_core.environment:create_file_with_runtime_dependencies(/home/fmt/.no-mistakes/worktrees/b8e3b0e906af/01KXF3EBXC00B6ZS69VCQBAJA8/install/zstd_vendor/share/colcon-core/packages/zstd_vendor)
[0.761s] Level 1:colcon.colcon_core.environment:create_environment_scripts_only(zstd_vendor)
[0.761s] Level 1:colcon.colcon_core.environment:checking '/home/fmt/.no-mistakes/worktrees/b8e3b0e906af/01KXF3EBXC00B6ZS69VCQBAJA8/install/zstd_vendor' for CMake module files
[0.761s] Level 1:colcon.colcon_core.environment:checking '/home/fmt/.no-mistakes/worktrees/b8e3b0e906af/01KXF3EBXC00B6ZS69VCQBAJA8/install/zstd_vendor' for CMake config files
[0.761s] Level 1:colcon.colcon_core.shell:create_environment_hook('zstd_vendor', 'cmake_prefix_path')
[0.761s] INFO:colcon.colcon_core.shell:Creating environment hook '/home/fmt/.no-mistakes/worktrees/b8e3b0e906af/01KXF3EBXC00B6ZS69VCQBAJA8/install/zstd_vendor/share/zstd_vendor/hook/cmake_prefix_path.ps1'
[0.761s] INFO:colcon.colcon_core.shell:Creating environment descriptor '/home/fmt/.no-mistakes/worktrees/b8e3b0e906af/01KXF3EBXC00B6ZS69VCQBAJA8/install/zstd_vendor/share/zstd_vendor/hook/cmake_prefix_path.dsv'
[0.761s] INFO:colcon.colcon_core.shell:Creating environment hook '/home/fmt/.no-mistakes/worktrees/b8e3b0e906af/01KXF3EBXC00B6ZS69VCQBAJA8/install/zstd_vendor/share/zstd_vendor/hook/cmake_prefix_path.sh'
[0.762s] Level 1:colcon.colcon_core.environment:checking '/home/fmt/.no-mistakes/worktrees/b8e3b0e906af/01KXF3EBXC00B6ZS69VCQBAJA8/install/zstd_vendor/bin'
[0.762s] Level 1:colcon.colcon_core.environment:checking '/home/fmt/.no-mistakes/worktrees/b8e3b0e906af/01KXF3EBXC00B6ZS69VCQBAJA8/install/zstd_vendor/lib/pkgconfig/zstd_vendor.pc'
[0.762s] Level 1:colcon.colcon_core.environment:checking '/home/fmt/.no-mistakes/worktrees/b8e3b0e906af/01KXF3EBXC00B6ZS69VCQBAJA8/install/zstd_vendor/lib/python3.12/site-packages'
[0.762s] Level 1:colcon.colcon_core.environment:checking '/home/fmt/.no-mistakes/worktrees/b8e3b0e906af/01KXF3EBXC00B6ZS69VCQBAJA8/install/zstd_vendor/bin'
[0.762s] INFO:colcon.colcon_core.shell:Creating package script '/home/fmt/.no-mistakes/worktrees/b8e3b0e906af/01KXF3EBXC00B6ZS69VCQBAJA8/install/zstd_vendor/share/zstd_vendor/package.ps1'
[0.762s] INFO:colcon.colcon_core.shell:Creating package descriptor '/home/fmt/.no-mistakes/worktrees/b8e3b0e906af/01KXF3EBXC00B6ZS69VCQBAJA8/install/zstd_vendor/share/zstd_vendor/package.dsv'
[0.762s] INFO:colcon.colcon_core.shell:Creating package script '/home/fmt/.no-mistakes/worktrees/b8e3b0e906af/01KXF3EBXC00B6ZS69VCQBAJA8/install/zstd_vendor/share/zstd_vendor/package.sh'
[0.763s] INFO:colcon.colcon_core.shell:Creating package script '/home/fmt/.no-mistakes/worktrees/b8e3b0e906af/01KXF3EBXC00B6ZS69VCQBAJA8/install/zstd_vendor/share/zstd_vendor/package.bash'
[0.763s] INFO:colcon.colcon_core.shell:Creating package script '/home/fmt/.no-mistakes/worktrees/b8e3b0e906af/01KXF3EBXC00B6ZS69VCQBAJA8/install/zstd_vendor/share/zstd_vendor/package.zsh'
[0.763s] Level 1:colcon.colcon_core.environment:create_file_with_runtime_dependencies(/home/fmt/.no-mistakes/worktrees/b8e3b0e906af/01KXF3EBXC00B6ZS69VCQBAJA8/install/zstd_vendor/share/colcon-core/packages/zstd_vendor)
[0.763s] INFO:colcon.colcon_ros.task.ament_cmake.build:Building ROS package in '/home/fmt/.no-mistakes/worktrees/b8e3b0e906af/01KXF3EBXC00B6ZS69VCQBAJA8/mcap_vendor' with build type 'ament_cmake'
[0.763s] INFO:colcon.colcon_cmake.task.cmake.build:Building CMake package in '/home/fmt/.no-mistakes/worktrees/b8e3b0e906af/01KXF3EBXC00B6ZS69VCQBAJA8/mcap_vendor'
[0.763s] INFO:colcon.colcon_core.shell:Skip shell extension 'powershell' for command environment: Not usable outside of PowerShell
[0.763s] DEBUG:colcon.colcon_core.shell:Skip shell extension 'dsv' for command environment
[0.768s] DEBUG:colcon.colcon_core.event_handler.log_command:Invoking command in '/home/fmt/.no-mistakes/worktrees/b8e3b0e906af/01KXF3EBXC00B6ZS69VCQBAJA8/build/mcap_vendor': AMENT_PREFIX_PATH=/home/fmt/.no-mistakes/worktrees/b8e3b0e906af/01KXF3EBXC00B6ZS69VCQBAJA8/install/zstd_vendor:/home/fmt/.no-mistakes/worktrees/b8e3b0e906af/01KXF3EBXC00B6ZS69VCQBAJA8/install/liblz4_vendor:${AMENT_PREFIX_PATH} CMAKE_PREFIX_PATH=/home/fmt/.no-mistakes/worktrees/b8e3b0e906af/01KXF3EBXC00B6ZS69VCQBAJA8/install/zstd_vendor:/home/fmt/.no-mistakes/worktrees/b8e3b0e906af/01KXF3EBXC00B6ZS69VCQBAJA8/install/liblz4_vendor:/opt/intel/oneapi/tbb/2023.0/env/..:/opt/intel/oneapi/dpl/2022.12/lib/cmake/oneDPL:/opt/intel/oneapi/compiler/2026.0:/opt/ros/jazzy/opt/gz_sim_vendor:/opt/ros/jazzy/opt/gz_sensors_vendor:/opt/ros/jazzy/opt/gz_physics_vendor:/opt/ros/jazzy/opt/sdformat_vendor:/opt/ros/jazzy/opt/gz_gui_vendor:/opt/ros/jazzy/opt/gz_transport_vendor:/opt/ros/jazzy/opt/gz_rendering_vendor:/opt/ros/jazzy/opt/gz_plugin_vendor:/opt/ros/jazzy/opt/gz_fuel_tools_vendor:/opt/ros/jazzy/opt/gz_msgs_vendor:/opt/ros/jazzy/opt/gz_common_vendor:/opt/ros/jazzy/opt/gz_math_vendor:/opt/ros/jazzy/opt/gz_utils_vendor:/opt/ros/jazzy/opt/gz_tools_vendor:/opt/ros/jazzy/opt/gz_ogre_next_vendor:/opt/ros/jazzy/opt/gz_dartsim_vendor:/opt/ros/jazzy/opt/gz_cmake_vendor:/opt/ros/jazzy DEBUGINFOD_URLS=https://debuginfod.ubuntu.com /usr/bin/cmake /home/fmt/.no-mistakes/worktrees/b8e3b0e906af/01KXF3EBXC00B6ZS69VCQBAJA8/mcap_vendor -DCMAKE_BUILD_TYPE=Release -DCMAKE_INSTALL_PREFIX=/home/fmt/.no-mistakes/worktrees/b8e3b0e906af/01KXF3EBXC00B6ZS69VCQBAJA8/install/mcap_vendor
[0.989s] DEBUG:colcon.colcon_core.event_handler.log_command:Invoked command in '/home/fmt/.no-mistakes/worktrees/b8e3b0e906af/01KXF3EBXC00B6ZS69VCQBAJA8/build/rosbag2_test_common' returned '0': CMAKE_PREFIX_PATH=${CMAKE_PREFIX_PATH}:/opt/ros/jazzy DEBUGINFOD_URLS=https://debuginfod.ubuntu.com /usr/bin/cmake /home/fmt/.no-mistakes/worktrees/b8e3b0e906af/01KXF3EBXC00B6ZS69VCQBAJA8/rosbag2_test_common -DCMAKE_BUILD_TYPE=Release -DCMAKE_INSTALL_PREFIX=/home/fmt/.no-mistakes/worktrees/b8e3b0e906af/01KXF3EBXC00B6ZS69VCQBAJA8/install/rosbag2_test_common
[0.989s] DEBUG:colcon.colcon_core.event_handler.log_command:Invoking command in '/home/fmt/.no-mistakes/worktrees/b8e3b0e906af/01KXF3EBXC00B6ZS69VCQBAJA8/build/rosbag2_test_common': CMAKE_PREFIX_PATH=${CMAKE_PREFIX_PATH}:/opt/ros/jazzy DEBUGINFOD_URLS=https://debuginfod.ubuntu.com /usr/bin/cmake --build /home/fmt/.no-mistakes/worktrees/b8e3b0e906af/01KXF3EBXC00B6ZS69VCQBAJA8/build/rosbag2_test_common -- -j20 -l20
[1.185s] DEBUG:colcon.colcon_core.event_handler.log_command:Invoked command in '/home/fmt/.no-mistakes/worktrees/b8e3b0e906af/01KXF3EBXC00B6ZS69VCQBAJA8/build/rosbag2_test_common' returned '0': CMAKE_PREFIX_PATH=${CMAKE_PREFIX_PATH}:/opt/ros/jazzy DEBUGINFOD_URLS=https://debuginfod.ubuntu.com /usr/bin/cmake --build /home/fmt/.no-mistakes/worktrees/b8e3b0e906af/01KXF3EBXC00B6ZS69VCQBAJA8/build/rosbag2_test_common -- -j20 -l20
[1.185s] DEBUG:colcon.colcon_core.event_handler.log_command:Invoking command in '/home/fmt/.no-mistakes/worktrees/b8e3b0e906af/01KXF3EBXC00B6ZS69VCQBAJA8/build/rosbag2_test_common': CMAKE_PREFIX_PATH=${CMAKE_PREFIX_PATH}:/opt/ros/jazzy DEBUGINFOD_URLS=https://debuginfod.ubuntu.com /usr/bin/cmake --install /home/fmt/.no-mistakes/worktrees/b8e3b0e906af/01KXF3EBXC00B6ZS69VCQBAJA8/build/rosbag2_test_common
[1.215s] Level 1:colcon.colcon_core.environment:create_environment_scripts_only(rosbag2_test_common)
[1.215s] Level 1:colcon.colcon_core.environment:checking '/home/fmt/.no-mistakes/worktrees/b8e3b0e906af/01KXF3EBXC00B6ZS69VCQBAJA8/install/rosbag2_test_common' for CMake module files
[1.215s] DEBUG:colcon.colcon_core.event_handler.log_command:Invoked command in '/home/fmt/.no-mistakes/worktrees/b8e3b0e906af/01KXF3EBXC00B6ZS69VCQBAJA8/build/rosbag2_test_common' returned '0': CMAKE_PREFIX_PATH=${CMAKE_PREFIX_PATH}:/opt/ros/jazzy DEBUGINFOD_URLS=https://debuginfod.ubuntu.com /usr/bin/cmake --install /home/fmt/.no-mistakes/worktrees/b8e3b0e906af/01KXF3EBXC00B6ZS69VCQBAJA8/build/rosbag2_test_common
[1.216s] Level 1:colcon.colcon_core.environment:checking '/home/fmt/.no-mistakes/worktrees/b8e3b0e906af/01KXF3EBXC00B6ZS69VCQBAJA8/install/rosbag2_test_common' for CMake config files
[1.216s] Level 1:colcon.colcon_core.shell:create_environment_hook('rosbag2_test_common', 'cmake_prefix_path')
[1.216s] INFO:colcon.colcon_core.shell:Creating environment hook '/home/fmt/.no-mistakes/worktrees/b8e3b0e906af/01KXF3EBXC00B6ZS69VCQBAJA8/install/rosbag2_test_common/share/rosbag2_test_common/hook/cmake_prefix_path.ps1'
[1.216s] INFO:colcon.colcon_core.shell:Creating environment descriptor '/home/fmt/.no-mistakes/worktrees/b8e3b0e906af/01KXF3EBXC00B6ZS69VCQBAJA8/install/rosbag2_test_common/share/rosbag2_test_common/hook/cmake_prefix_path.dsv'
[1.216s] INFO:colcon.colcon_core.shell:Creating environment hook '/home/fmt/.no-mistakes/worktrees/b8e3b0e906af/01KXF3EBXC00B6ZS69VCQBAJA8/install/rosbag2_test_common/share/rosbag2_test_common/hook/cmake_prefix_path.sh'
[1.217s] Level 1:colcon.colcon_core.environment:checking '/home/fmt/.no-mistakes/worktrees/b8e3b0e906af/01KXF3EBXC00B6ZS69VCQBAJA8/install/rosbag2_test_common/lib'
[1.217s] Level 1:colcon.colcon_core.environment:checking '/home/fmt/.no-mistakes/worktrees/b8e3b0e906af/01KXF3EBXC00B6ZS69VCQBAJA8/install/rosbag2_test_common/bin'
[1.217s] Level 1:colcon.colcon_core.environment:checking '/home/fmt/.no-mistakes/worktrees/b8e3b0e906af/01KXF3EBXC00B6ZS69VCQBAJA8/install/rosbag2_test_common/lib/pkgconfig/rosbag2_test_common.pc'
[1.217s] Level 1:colcon.colcon_core.environment:checking '/home/fmt/.no-mistakes/worktrees/b8e3b0e906af/01KXF3EBXC00B6ZS69VCQBAJA8/install/rosbag2_test_common/lib/python3.12/site-packages'
[1.217s] Level 1:colcon.colcon_core.shell:create_environment_hook('rosbag2_test_common', 'pythonpath')
[1.217s] INFO:colcon.colcon_core.shell:Creating environment hook '/home/fmt/.no-mistakes/worktrees/b8e3b0e906af/01KXF3EBXC00B6ZS69VCQBAJA8/install/rosbag2_test_common/share/rosbag2_test_common/hook/pythonpath.ps1'
[1.217s] INFO:colcon.colcon_core.shell:Creating environment descriptor '/home/fmt/.no-mistakes/worktrees/b8e3b0e906af/01KXF3EBXC00B6ZS69VCQBAJA8/install/rosbag2_test_common/share/rosbag2_test_common/hook/pythonpath.dsv'
[1.217s] INFO:colcon.colcon_core.shell:Creating environment hook '/home/fmt/.no-mistakes/worktrees/b8e3b0e906af/01KXF3EBXC00B6ZS69VCQBAJA8/install/rosbag2_test_common/share/rosbag2_test_common/hook/pythonpath.sh'
[1.218s] Level 1:colcon.colcon_core.environment:checking '/home/fmt/.no-mistakes/worktrees/b8e3b0e906af/01KXF3EBXC00B6ZS69VCQBAJA8/install/rosbag2_test_common/bin'
[1.218s] INFO:colcon.colcon_core.shell:Creating package script '/home/fmt/.no-mistakes/worktrees/b8e3b0e906af/01KXF3EBXC00B6ZS69VCQBAJA8/install/rosbag2_test_common/share/rosbag2_test_common/package.ps1'
[1.218s] INFO:colcon.colcon_core.shell:Creating package descriptor '/home/fmt/.no-mistakes/worktrees/b8e3b0e906af/01KXF3EBXC00B6ZS69VCQBAJA8/install/rosbag2_test_common/share/rosbag2_test_common/package.dsv'
[1.218s] INFO:colcon.colcon_core.shell:Creating package script '/home/fmt/.no-mistakes/worktrees/b8e3b0e906af/01KXF3EBXC00B6ZS69VCQBAJA8/install/rosbag2_test_common/share/rosbag2_test_common/package.sh'
[1.218s] INFO:colcon.colcon_core.shell:Creating package script '/home/fmt/.no-mistakes/worktrees/b8e3b0e906af/01KXF3EBXC00B6ZS69VCQBAJA8/install/rosbag2_test_common/share/rosbag2_test_common/package.bash'
[1.219s] INFO:colcon.colcon_core.shell:Creating package script '/home/fmt/.no-mistakes/worktrees/b8e3b0e906af/01KXF3EBXC00B6ZS69VCQBAJA8/install/rosbag2_test_common/share/rosbag2_test_common/package.zsh'
[1.219s] Level 1:colcon.colcon_core.environment:create_file_with_runtime_dependencies(/home/fmt/.no-mistakes/worktrees/b8e3b0e906af/01KXF3EBXC00B6ZS69VCQBAJA8/install/rosbag2_test_common/share/colcon-core/packages/rosbag2_test_common)
[1.219s] Level 1:colcon.colcon_core.environment:create_environment_scripts_only(rosbag2_test_common)
[1.219s] Level 1:colcon.colcon_core.environment:checking '/home/fmt/.no-mistakes/worktrees/b8e3b0e906af/01KXF3EBXC00B6ZS69VCQBAJA8/install/rosbag2_test_common' for CMake module files
[1.219s] Level 1:colcon.colcon_core.environment:checking '/home/fmt/.no-mistakes/worktrees/b8e3b0e906af/01KXF3EBXC00B6ZS69VCQBAJA8/install/rosbag2_test_common' for CMake config files
[1.219s] Level 1:colcon.colcon_core.shell:create_environment_hook('rosbag2_test_common', 'cmake_prefix_path')
[1.219s] INFO:colcon.colcon_core.shell:Creating environment hook '/home/fmt/.no-mistakes/worktrees/b8e3b0e906af/01KXF3EBXC00B6ZS69VCQBAJA8/install/rosbag2_test_common/share/rosbag2_test_common/hook/cmake_prefix_path.ps1'
[1.220s] INFO:colcon.colcon_core.shell:Creating environment descriptor '/home/fmt/.no-mistakes/worktrees/b8e3b0e906af/01KXF3EBXC00B6ZS69VCQBAJA8/install/rosbag2_test_common/share/rosbag2_test_common/hook/cmake_prefix_path.dsv'
[1.220s] INFO:colcon.colcon_core.shell:Creating environment hook '/home/fmt/.no-mistakes/worktrees/b8e3b0e906af/01KXF3EBXC00B6ZS69VCQBAJA8/install/rosbag2_test_common/share/rosbag2_test_common/hook/cmake_prefix_path.sh'
[1.220s] Level 1:colcon.colcon_core.environment:checking '/home/fmt/.no-mistakes/worktrees/b8e3b0e906af/01KXF3EBXC00B6ZS69VCQBAJA8/install/rosbag2_test_common/lib'
[1.220s] Level 1:colcon.colcon_core.environment:checking '/home/fmt/.no-mistakes/worktrees/b8e3b0e906af/01KXF3EBXC00B6ZS69VCQBAJA8/install/rosbag2_test_common/bin'
[1.220s] Level 1:colcon.colcon_core.environment:checking '/home/fmt/.no-mistakes/worktrees/b8e3b0e906af/01KXF3EBXC00B6ZS69VCQBAJA8/install/rosbag2_test_common/lib/pkgconfig/rosbag2_test_common.pc'
[1.220s] Level 1:colcon.colcon_core.environment:checking '/home/fmt/.no-mistakes/worktrees/b8e3b0e906af/01KXF3EBXC00B6ZS69VCQBAJA8/install/rosbag2_test_common/lib/python3.12/site-packages'
[1.220s] Level 1:colcon.colcon_core.shell:create_environment_hook('rosbag2_test_common', 'pythonpath')
[1.220s] INFO:colcon.colcon_core.shell:Creating environment hook '/home/fmt/.no-mistakes/worktrees/b8e3b0e906af/01KXF3EBXC00B6ZS69VCQBAJA8/install/rosbag2_test_common/share/rosbag2_test_common/hook/pythonpath.ps1'
[1.221s] INFO:colcon.colcon_core.shell:Creating environment descriptor '/home/fmt/.no-mistakes/worktrees/b8e3b0e906af/01KXF3EBXC00B6ZS69VCQBAJA8/install/rosbag2_test_common/share/rosbag2_test_common/hook/pythonpath.dsv'
[1.221s] INFO:colcon.colcon_core.shell:Creating environment hook '/home/fmt/.no-mistakes/worktrees/b8e3b0e906af/01KXF3EBXC00B6ZS69VCQBAJA8/install/rosbag2_test_common/share/rosbag2_test_common/hook/pythonpath.sh'
[1.221s] Level 1:colcon.colcon_core.environment:checking '/home/fmt/.no-mistakes/worktrees/b8e3b0e906af/01KXF3EBXC00B6ZS69VCQBAJA8/install/rosbag2_test_common/bin'
[1.221s] INFO:colcon.colcon_core.shell:Creating package script '/home/fmt/.no-mistakes/worktrees/b8e3b0e906af/01KXF3EBXC00B6ZS69VCQBAJA8/install/rosbag2_test_common/share/rosbag2_test_common/package.ps1'
[1.222s] INFO:colcon.colcon_core.shell:Creating package descriptor '/home/fmt/.no-mistakes/worktrees/b8e3b0e906af/01KXF3EBXC00B6ZS69VCQBAJA8/install/rosbag2_test_common/share/rosbag2_test_common/package.dsv'
[1.222s] INFO:colcon.colcon_core.shell:Creating package script '/home/fmt/.no-mistakes/worktrees/b8e3b0e906af/01KXF3EBXC00B6ZS69VCQBAJA8/install/rosbag2_test_common/share/rosbag2_test_common/package.sh'
[1.222s] INFO:colcon.colcon_core.shell:Creating package script '/home/fmt/.no-mistakes/worktrees/b8e3b0e906af/01KXF3EBXC00B6ZS69VCQBAJA8/install/rosbag2_test_common/share/rosbag2_test_common/package.bash'
[1.222s] INFO:colcon.colcon_core.shell:Creating package script '/home/fmt/.no-mistakes/worktrees/b8e3b0e906af/01KXF3EBXC00B6ZS69VCQBAJA8/install/rosbag2_test_common/share/rosbag2_test_common/package.zsh'
[1.222s] Level 1:colcon.colcon_core.environment:create_file_with_runtime_dependencies(/home/fmt/.no-mistakes/worktrees/b8e3b0e906af/01KXF3EBXC00B6ZS69VCQBAJA8/install/rosbag2_test_common/share/colcon-core/packages/rosbag2_test_common)
[1.222s] INFO:colcon.colcon_ros.task.ament_cmake.build:Building ROS package in '/home/fmt/.no-mistakes/worktrees/b8e3b0e906af/01KXF3EBXC00B6ZS69VCQBAJA8/rosbag2_storage' with build type 'ament_cmake'
[1.223s] INFO:colcon.colcon_cmake.task.cmake.build:Building CMake package in '/home/fmt/.no-mistakes/worktrees/b8e3b0e906af/01KXF3EBXC00B6ZS69VCQBAJA8/rosbag2_storage'
[1.223s] INFO:colcon.colcon_core.shell:Skip shell extension 'powershell' for command environment: Not usable outside of PowerShell
[1.223s] DEBUG:colcon.colcon_core.shell:Skip shell extension 'dsv' for command environment
[1.227s] DEBUG:colcon.colcon_core.event_handler.log_command:Invoking command in '/home/fmt/.no-mistakes/worktrees/b8e3b0e906af/01KXF3EBXC00B6ZS69VCQBAJA8/build/rosbag2_storage': AMENT_PREFIX_PATH=/home/fmt/.no-mistakes/worktrees/b8e3b0e906af/01KXF3EBXC00B6ZS69VCQBAJA8/install/rosbag2_test_common:${AMENT_PREFIX_PATH} CMAKE_PREFIX_PATH=/home/fmt/.no-mistakes/worktrees/b8e3b0e906af/01KXF3EBXC00B6ZS69VCQBAJA8/install/rosbag2_test_common:/opt/intel/oneapi/tbb/2023.0/env/..:/opt/intel/oneapi/dpl/2022.12/lib/cmake/oneDPL:/opt/intel/oneapi/compiler/2026.0:/opt/ros/jazzy/opt/gz_sim_vendor:/opt/ros/jazzy/opt/gz_sensors_vendor:/opt/ros/jazzy/opt/gz_physics_vendor:/opt/ros/jazzy/opt/sdformat_vendor:/opt/ros/jazzy/opt/gz_gui_vendor:/opt/ros/jazzy/opt/gz_transport_vendor:/opt/ros/jazzy/opt/gz_rendering_vendor:/opt/ros/jazzy/opt/gz_plugin_vendor:/opt/ros/jazzy/opt/gz_fuel_tools_vendor:/opt/ros/jazzy/opt/gz_msgs_vendor:/opt/ros/jazzy/opt/gz_common_vendor:/opt/ros/jazzy/opt/gz_math_vendor:/opt/ros/jazzy/opt/gz_utils_vendor:/opt/ros/jazzy/opt/gz_tools_vendor:/opt/ros/jazzy/opt/gz_ogre_next_vendor:/opt/ros/jazzy/opt/gz_dartsim_vendor:/opt/ros/jazzy/opt/gz_cmake_vendor:/opt/ros/jazzy DEBUGINFOD_URLS=https://debuginfod.ubuntu.com PYTHONPATH=/home/fmt/.no-mistakes/worktrees/b8e3b0e906af/01KXF3EBXC00B6ZS69VCQBAJA8/install/rosbag2_test_common/lib/python3.12/site-packages:${PYTHONPATH} /usr/bin/cmake /home/fmt/.no-mistakes/worktrees/b8e3b0e906af/01KXF3EBXC00B6ZS69VCQBAJA8/rosbag2_storage -DCMAKE_BUILD_TYPE=Release -DCMAKE_INSTALL_PREFIX=/home/fmt/.no-mistakes/worktrees/b8e3b0e906af/01KXF3EBXC00B6ZS69VCQBAJA8/install/rosbag2_storage
[1.908s] DEBUG:colcon.colcon_core.event_handler.log_command:Invoked command in '/home/fmt/.no-mistakes/worktrees/b8e3b0e906af/01KXF3EBXC00B6ZS69VCQBAJA8/build/rosbag2_storage' returned '0': AMENT_PREFIX_PATH=/home/fmt/.no-mistakes/worktrees/b8e3b0e906af/01KXF3EBXC00B6ZS69VCQBAJA8/install/rosbag2_test_common:${AMENT_PREFIX_PATH} CMAKE_PREFIX_PATH=/home/fmt/.no-mistakes/worktrees/b8e3b0e906af/01KXF3EBXC00B6ZS69VCQBAJA8/install/rosbag2_test_common:/opt/intel/oneapi/tbb/2023.0/env/..:/opt/intel/oneapi/dpl/2022.12/lib/cmake/oneDPL:/opt/intel/oneapi/compiler/2026.0:/opt/ros/jazzy/opt/gz_sim_vendor:/opt/ros/jazzy/opt/gz_sensors_vendor:/opt/ros/jazzy/opt/gz_physics_vendor:/opt/ros/jazzy/opt/sdformat_vendor:/opt/ros/jazzy/opt/gz_gui_vendor:/opt/ros/jazzy/opt/gz_transport_vendor:/opt/ros/jazzy/opt/gz_rendering_vendor:/opt/ros/jazzy/opt/gz_plugin_vendor:/opt/ros/jazzy/opt/gz_fuel_tools_vendor:/opt/ros/jazzy/opt/gz_msgs_vendor:/opt/ros/jazzy/opt/gz_common_vendor:/opt/ros/jazzy/opt/gz_math_vendor:/opt/ros/jazzy/opt/gz_utils_vendor:/opt/ros/jazzy/opt/gz_tools_vendor:/opt/ros/jazzy/opt/gz_ogre_next_vendor:/opt/ros/jazzy/opt/gz_dartsim_vendor:/opt/ros/jazzy/opt/gz_cmake_vendor:/opt/ros/jazzy DEBUGINFOD_URLS=https://debuginfod.ubuntu.com PYTHONPATH=/home/fmt/.no-mistakes/worktrees/b8e3b0e906af/01KXF3EBXC00B6ZS69VCQBAJA8/install/rosbag2_test_common/lib/python3.12/site-packages:${PYTHONPATH} /usr/bin/cmake /home/fmt/.no-mistakes/worktrees/b8e3b0e906af/01KXF3EBXC00B6ZS69VCQBAJA8/rosbag2_storage -DCMAKE_BUILD_TYPE=Release -DCMAKE_INSTALL_PREFIX=/home/fmt/.no-mistakes/worktrees/b8e3b0e906af/01KXF3EBXC00B6ZS69VCQBAJA8/install/rosbag2_storage
[1.909s] DEBUG:colcon.colcon_core.event_handler.log_command:Invoking command in '/home/fmt/.no-mistakes/worktrees/b8e3b0e906af/01KXF3EBXC00B6ZS69VCQBAJA8/build/rosbag2_storage': AMENT_PREFIX_PATH=/home/fmt/.no-mistakes/worktrees/b8e3b0e906af/01KXF3EBXC00B6ZS69VCQBAJA8/install/rosbag2_test_common:${AMENT_PREFIX_PATH} CMAKE_PREFIX_PATH=/home/fmt/.no-mistakes/worktrees/b8e3b0e906af/01KXF3EBXC00B6ZS69VCQBAJA8/install/rosbag2_test_common:/opt/intel/oneapi/tbb/2023.0/env/..:/opt/intel/oneapi/dpl/2022.12/lib/cmake/oneDPL:/opt/intel/oneapi/compiler/2026.0:/opt/ros/jazzy/opt/gz_sim_vendor:/opt/ros/jazzy/opt/gz_sensors_vendor:/opt/ros/jazzy/opt/gz_physics_vendor:/opt/ros/jazzy/opt/sdformat_vendor:/opt/ros/jazzy/opt/gz_gui_vendor:/opt/ros/jazzy/opt/gz_transport_vendor:/opt/ros/jazzy/opt/gz_rendering_vendor:/opt/ros/jazzy/opt/gz_plugin_vendor:/opt/ros/jazzy/opt/gz_fuel_tools_vendor:/opt/ros/jazzy/opt/gz_msgs_vendor:/opt/ros/jazzy/opt/gz_common_vendor:/opt/ros/jazzy/opt/gz_math_vendor:/opt/ros/jazzy/opt/gz_utils_vendor:/opt/ros/jazzy/opt/gz_tools_vendor:/opt/ros/jazzy/opt/gz_ogre_next_vendor:/opt/ros/jazzy/opt/gz_dartsim_vendor:/opt/ros/jazzy/opt/gz_cmake_vendor:/opt/ros/jazzy DEBUGINFOD_URLS=https://debuginfod.ubuntu.com PYTHONPATH=/home/fmt/.no-mistakes/worktrees/b8e3b0e906af/01KXF3EBXC00B6ZS69VCQBAJA8/install/rosbag2_test_common/lib/python3.12/site-packages:${PYTHONPATH} /usr/bin/cmake --build /home/fmt/.no-mistakes/worktrees/b8e3b0e906af/01KXF3EBXC00B6ZS69VCQBAJA8/build/rosbag2_storage -- -j20 -l20
[2.171s] DEBUG:colcon.colcon_core.event_handler.log_command:Invoked command in '/home/fmt/.no-mistakes/worktrees/b8e3b0e906af/01KXF3EBXC00B6ZS69VCQBAJA8/build/rosbag2_test_msgdefs' returned '0': CMAKE_PREFIX_PATH=${CMAKE_PREFIX_PATH}:/opt/ros/jazzy DEBUGINFOD_URLS=https://debuginfod.ubuntu.com /usr/bin/cmake /home/fmt/.no-mistakes/worktrees/b8e3b0e906af/01KXF3EBXC00B6ZS69VCQBAJA8/rosbag2_test_msgdefs -DCMAKE_BUILD_TYPE=Release -DCMAKE_INSTALL_PREFIX=/home/fmt/.no-mistakes/worktrees/b8e3b0e906af/01KXF3EBXC00B6ZS69VCQBAJA8/install/rosbag2_test_msgdefs
[2.172s] DEBUG:colcon.colcon_core.event_handler.log_command:Invoking command in '/home/fmt/.no-mistakes/worktrees/b8e3b0e906af/01KXF3EBXC00B6ZS69VCQBAJA8/build/rosbag2_test_msgdefs': CMAKE_PREFIX_PATH=${CMAKE_PREFIX_PATH}:/opt/ros/jazzy DEBUGINFOD_URLS=https://debuginfod.ubuntu.com /usr/bin/cmake --build /home/fmt/.no-mistakes/worktrees/b8e3b0e906af/01KXF3EBXC00B6ZS69VCQBAJA8/build/rosbag2_test_msgdefs -- -j20 -l20
[2.613s] DEBUG:colcon.colcon_core.event_handler.log_command:Invoked command in '/home/fmt/.no-mistakes/worktrees/b8e3b0e906af/01KXF3EBXC00B6ZS69VCQBAJA8/build/mcap_vendor' returned '0': AMENT_PREFIX_PATH=/home/fmt/.no-mistakes/worktrees/b8e3b0e906af/01KXF3EBXC00B6ZS69VCQBAJA8/install/zstd_vendor:/home/fmt/.no-mistakes/worktrees/b8e3b0e906af/01KXF3EBXC00B6ZS69VCQBAJA8/install/liblz4_vendor:${AMENT_PREFIX_PATH} CMAKE_PREFIX_PATH=/home/fmt/.no-mistakes/worktrees/b8e3b0e906af/01KXF3EBXC00B6ZS69VCQBAJA8/install/zstd_vendor:/home/fmt/.no-mistakes/worktrees/b8e3b0e906af/01KXF3EBXC00B6ZS69VCQBAJA8/install/liblz4_vendor:/opt/intel/oneapi/tbb/2023.0/env/..:/opt/intel/oneapi/dpl/2022.12/lib/cmake/oneDPL:/opt/intel/oneapi/compiler/2026.0:/opt/ros/jazzy/opt/gz_sim_vendor:/opt/ros/jazzy/opt/gz_sensors_vendor:/opt/ros/jazzy/opt/gz_physics_vendor:/opt/ros/jazzy/opt/sdformat_vendor:/opt/ros/jazzy/opt/gz_gui_vendor:/opt/ros/jazzy/opt/gz_transport_vendor:/opt/ros/jazzy/opt/gz_rendering_vendor:/opt/ros/jazzy/opt/gz_plugin_vendor:/opt/ros/jazzy/opt/gz_fuel_tools_vendor:/opt/ros/jazzy/opt/gz_msgs_vendor:/opt/ros/jazzy/opt/gz_common_vendor:/opt/ros/jazzy/opt/gz_math_vendor:/opt/ros/jazzy/opt/gz_utils_vendor:/opt/ros/jazzy/opt/gz_tools_vendor:/opt/ros/jazzy/opt/gz_ogre_next_vendor:/opt/ros/jazzy/opt/gz_dartsim_vendor:/opt/ros/jazzy/opt/gz_cmake_vendor:/opt/ros/jazzy DEBUGINFOD_URLS=https://debuginfod.ubuntu.com /usr/bin/cmake /home/fmt/.no-mistakes/worktrees/b8e3b0e906af/01KXF3EBXC00B6ZS69VCQBAJA8/mcap_vendor -DCMAKE_BUILD_TYPE=Release -DCMAKE_INSTALL_PREFIX=/home/fmt/.no-mistakes/worktrees/b8e3b0e906af/01KXF3EBXC00B6ZS69VCQBAJA8/install/mcap_vendor
[2.614s] DEBUG:colcon.colcon_core.event_handler.log_command:Invoking command in '/home/fmt/.no-mistakes/worktrees/b8e3b0e906af/01KXF3EBXC00B6ZS69VCQBAJA8/build/mcap_vendor': AMENT_PREFIX_PATH=/home/fmt/.no-mistakes/worktrees/b8e3b0e906af/01KXF3EBXC00B6ZS69VCQBAJA8/install/zstd_vendor:/home/fmt/.no-mistakes/worktrees/b8e3b0e906af/01KXF3EBXC00B6ZS69VCQBAJA8/install/liblz4_vendor:${AMENT_PREFIX_PATH} CMAKE_PREFIX_PATH=/home/fmt/.no-mistakes/worktrees/b8e3b0e906af/01KXF3EBXC00B6ZS69VCQBAJA8/install/zstd_vendor:/home/fmt/.no-mistakes/worktrees/b8e3b0e906af/01KXF3EBXC00B6ZS69VCQBAJA8/install/liblz4_vendor:/opt/intel/oneapi/tbb/2023.0/env/..:/opt/intel/oneapi/dpl/2022.12/lib/cmake/oneDPL:/opt/intel/oneapi/compiler/2026.0:/opt/ros/jazzy/opt/gz_sim_vendor:/opt/ros/jazzy/opt/gz_sensors_vendor:/opt/ros/jazzy/opt/gz_physics_vendor:/opt/ros/jazzy/opt/sdformat_vendor:/opt/ros/jazzy/opt/gz_gui_vendor:/opt/ros/jazzy/opt/gz_transport_vendor:/opt/ros/jazzy/opt/gz_rendering_vendor:/opt/ros/jazzy/opt/gz_plugin_vendor:/opt/ros/jazzy/opt/gz_fuel_tools_vendor:/opt/ros/jazzy/opt/gz_msgs_vendor:/opt/ros/jazzy/opt/gz_common_vendor:/opt/ros/jazzy/opt/gz_math_vendor:/opt/ros/jazzy/opt/gz_utils_vendor:/opt/ros/jazzy/opt/gz_tools_vendor:/opt/ros/jazzy/opt/gz_ogre_next_vendor:/opt/ros/jazzy/opt/gz_dartsim_vendor:/opt/ros/jazzy/opt/gz_cmake_vendor:/opt/ros/jazzy DEBUGINFOD_URLS=https://debuginfod.ubuntu.com /usr/bin/cmake --build /home/fmt/.no-mistakes/worktrees/b8e3b0e906af/01KXF3EBXC00B6ZS69VCQBAJA8/build/mcap_vendor -- -j20 -l20
[5.872s] DEBUG:colcon.colcon_core.event_handler.log_command:Invoked command in '/home/fmt/.no-mistakes/worktrees/b8e3b0e906af/01KXF3EBXC00B6ZS69VCQBAJA8/build/rosbag2_test_msgdefs' returned '0': CMAKE_PREFIX_PATH=${CMAKE_PREFIX_PATH}:/opt/ros/jazzy DEBUGINFOD_URLS=https://debuginfod.ubuntu.com /usr/bin/cmake --build /home/fmt/.no-mistakes/worktrees/b8e3b0e906af/01KXF3EBXC00B6ZS69VCQBAJA8/build/rosbag2_test_msgdefs -- -j20 -l20
[5.873s] DEBUG:colcon.colcon_core.event_handler.log_command:Invoking command in '/home/fmt/.no-mistakes/worktrees/b8e3b0e906af/01KXF3EBXC00B6ZS69VCQBAJA8/build/rosbag2_test_msgdefs': CMAKE_PREFIX_PATH=${CMAKE_PREFIX_PATH}:/opt/ros/jazzy DEBUGINFOD_URLS=https://debuginfod.ubuntu.com /usr/bin/cmake --install /home/fmt/.no-mistakes/worktrees/b8e3b0e906af/01KXF3EBXC00B6ZS69VCQBAJA8/build/rosbag2_test_msgdefs
[5.937s] Level 1:colcon.colcon_core.environment:create_environment_scripts_only(rosbag2_test_msgdefs)
[5.937s] Level 1:colcon.colcon_core.environment:checking '/home/fmt/.no-mistakes/worktrees/b8e3b0e906af/01KXF3EBXC00B6ZS69VCQBAJA8/install/rosbag2_test_msgdefs' for CMake module files
[5.937s] DEBUG:colcon.colcon_core.event_handler.log_command:Invoked command in '/home/fmt/.no-mistakes/worktrees/b8e3b0e906af/01KXF3EBXC00B6ZS69VCQBAJA8/build/rosbag2_test_msgdefs' returned '0': CMAKE_PREFIX_PATH=${CMAKE_PREFIX_PATH}:/opt/ros/jazzy DEBUGINFOD_URLS=https://debuginfod.ubuntu.com /usr/bin/cmake --install /home/fmt/.no-mistakes/worktrees/b8e3b0e906af/01KXF3EBXC00B6ZS69VCQBAJA8/build/rosbag2_test_msgdefs
[5.937s] Level 1:colcon.colcon_core.environment:checking '/home/fmt/.no-mistakes/worktrees/b8e3b0e906af/01KXF3EBXC00B6ZS69VCQBAJA8/install/rosbag2_test_msgdefs' for CMake config files
[5.938s] Level 1:colcon.colcon_core.shell:create_environment_hook('rosbag2_test_msgdefs', 'cmake_prefix_path')
[5.938s] INFO:colcon.colcon_core.shell:Creating environment hook '/home/fmt/.no-mistakes/worktrees/b8e3b0e906af/01KXF3EBXC00B6ZS69VCQBAJA8/install/rosbag2_test_msgdefs/share/rosbag2_test_msgdefs/hook/cmake_prefix_path.ps1'
[5.938s] INFO:colcon.colcon_core.shell:Creating environment descriptor '/home/fmt/.no-mistakes/worktrees/b8e3b0e906af/01KXF3EBXC00B6ZS69VCQBAJA8/install/rosbag2_test_msgdefs/share/rosbag2_test_msgdefs/hook/cmake_prefix_path.dsv'
[5.938s] INFO:colcon.colcon_core.shell:Creating environment hook '/home/fmt/.no-mistakes/worktrees/b8e3b0e906af/01KXF3EBXC00B6ZS69VCQBAJA8/install/rosbag2_test_msgdefs/share/rosbag2_test_msgdefs/hook/cmake_prefix_path.sh'
[5.938s] Level 1:colcon.colcon_core.environment:checking '/home/fmt/.no-mistakes/worktrees/b8e3b0e906af/01KXF3EBXC00B6ZS69VCQBAJA8/install/rosbag2_test_msgdefs/lib'
[5.939s] Level 1:colcon.colcon_core.shell:create_environment_hook('rosbag2_test_msgdefs', 'ld_library_path_lib')
[5.939s] INFO:colcon.colcon_core.shell:Creating environment hook '/home/fmt/.no-mistakes/worktrees/b8e3b0e906af/01KXF3EBXC00B6ZS69VCQBAJA8/install/rosbag2_test_msgdefs/share/rosbag2_test_msgdefs/hook/ld_library_path_lib.ps1'
[5.939s] INFO:colcon.colcon_core.shell:Creating environment descriptor '/home/fmt/.no-mistakes/worktrees/b8e3b0e906af/01KXF3EBXC00B6ZS69VCQBAJA8/install/rosbag2_test_msgdefs/share/rosbag2_test_msgdefs/hook/ld_library_path_lib.dsv'
[5.939s] INFO:colcon.colcon_core.shell:Creating environment hook '/home/fmt/.no-mistakes/worktrees/b8e3b0e906af/01KXF3EBXC00B6ZS69VCQBAJA8/install/rosbag2_test_msgdefs/share/rosbag2_test_msgdefs/hook/ld_library_path_lib.sh'
[5.939s] Level 1:colcon.colcon_core.environment:checking '/home/fmt/.no-mistakes/worktrees/b8e3b0e906af/01KXF3EBXC00B6ZS69VCQBAJA8/install/rosbag2_test_msgdefs/bin'
[5.939s] Level 1:colcon.colcon_core.environment:checking '/home/fmt/.no-mistakes/worktrees/b8e3b0e906af/01KXF3EBXC00B6ZS69VCQBAJA8/install/rosbag2_test_msgdefs/lib/pkgconfig/rosbag2_test_msgdefs.pc'
[5.939s] Level 1:colcon.colcon_core.environment:checking '/home/fmt/.no-mistakes/worktrees/b8e3b0e906af/01KXF3EBXC00B6ZS69VCQBAJA8/install/rosbag2_test_msgdefs/lib/python3.12/site-packages'
[5.939s] Level 1:colcon.colcon_core.shell:create_environment_hook('rosbag2_test_msgdefs', 'pythonpath')
[5.939s] INFO:colcon.colcon_core.shell:Creating environment hook '/home/fmt/.no-mistakes/worktrees/b8e3b0e906af/01KXF3EBXC00B6ZS69VCQBAJA8/install/rosbag2_test_msgdefs/share/rosbag2_test_msgdefs/hook/pythonpath.ps1'
[5.939s] INFO:colcon.colcon_core.shell:Creating environment descriptor '/home/fmt/.no-mistakes/worktrees/b8e3b0e906af/01KXF3EBXC00B6ZS69VCQBAJA8/install/rosbag2_test_msgdefs/share/rosbag2_test_msgdefs/hook/pythonpath.dsv'
[5.939s] INFO:colcon.colcon_core.shell:Creating environment hook '/home/fmt/.no-mistakes/worktrees/b8e3b0e906af/01KXF3EBXC00B6ZS69VCQBAJA8/install/rosbag2_test_msgdefs/share/rosbag2_test_msgdefs/hook/pythonpath.sh'
[5.940s] Level 1:colcon.colcon_core.environment:checking '/home/fmt/.no-mistakes/worktrees/b8e3b0e906af/01KXF3EBXC00B6ZS69VCQBAJA8/install/rosbag2_test_msgdefs/bin'
[5.940s] INFO:colcon.colcon_core.shell:Creating package script '/home/fmt/.no-mistakes/worktrees/b8e3b0e906af/01KXF3EBXC00B6ZS69VCQBAJA8/install/rosbag2_test_msgdefs/share/rosbag2_test_msgdefs/package.ps1'
[5.940s] INFO:colcon.colcon_core.shell:Creating package descriptor '/home/fmt/.no-mistakes/worktrees/b8e3b0e906af/01KXF3EBXC00B6ZS69VCQBAJA8/install/rosbag2_test_msgdefs/share/rosbag2_test_msgdefs/package.dsv'
[5.940s] INFO:colcon.colcon_core.shell:Creating package script '/home/fmt/.no-mistakes/worktrees/b8e3b0e906af/01KXF3EBXC00B6ZS69VCQBAJA8/install/rosbag2_test_msgdefs/share/rosbag2_test_msgdefs/package.sh'
[5.940s] INFO:colcon.colcon_core.shell:Creating package script '/home/fmt/.no-mistakes/worktrees/b8e3b0e906af/01KXF3EBXC00B6ZS69VCQBAJA8/install/rosbag2_test_msgdefs/share/rosbag2_test_msgdefs/package.bash'
[5.941s] INFO:colcon.colcon_core.shell:Creating package script '/home/fmt/.no-mistakes/worktrees/b8e3b0e906af/01KXF3EBXC00B6ZS69VCQBAJA8/install/rosbag2_test_msgdefs/share/rosbag2_test_msgdefs/package.zsh'
[5.941s] Level 1:colcon.colcon_core.environment:create_file_with_runtime_dependencies(/home/fmt/.no-mistakes/worktrees/b8e3b0e906af/01KXF3EBXC00B6ZS69VCQBAJA8/install/rosbag2_test_msgdefs/share/colcon-core/packages/rosbag2_test_msgdefs)
[5.941s] Level 1:colcon.colcon_core.environment:create_environment_scripts_only(rosbag2_test_msgdefs)
[5.941s] Level 1:colcon.colcon_core.environment:checking '/home/fmt/.no-mistakes/worktrees/b8e3b0e906af/01KXF3EBXC00B6ZS69VCQBAJA8/install/rosbag2_test_msgdefs' for CMake module files
[5.941s] Level 1:colcon.colcon_core.environment:checking '/home/fmt/.no-mistakes/worktrees/b8e3b0e906af/01KXF3EBXC00B6ZS69VCQBAJA8/install/rosbag2_test_msgdefs' for CMake config files
[5.941s] Level 1:colcon.colcon_core.shell:create_environment_hook('rosbag2_test_msgdefs', 'cmake_prefix_path')
[5.942s] INFO:colcon.colcon_core.shell:Creating environment hook '/home/fmt/.no-mistakes/worktrees/b8e3b0e906af/01KXF3EBXC00B6ZS69VCQBAJA8/install/rosbag2_test_msgdefs/share/rosbag2_test_msgdefs/hook/cmake_prefix_path.ps1'
[5.942s] INFO:colcon.colcon_core.shell:Creating environment descriptor '/home/fmt/.no-mistakes/worktrees/b8e3b0e906af/01KXF3EBXC00B6ZS69VCQBAJA8/install/rosbag2_test_msgdefs/share/rosbag2_test_msgdefs/hook/cmake_prefix_path.dsv'
[5.942s] INFO:colcon.colcon_core.shell:Creating environment hook '/home/fmt/.no-mistakes/worktrees/b8e3b0e906af/01KXF3EBXC00B6ZS69VCQBAJA8/install/rosbag2_test_msgdefs/share/rosbag2_test_msgdefs/hook/cmake_prefix_path.sh'
[5.942s] Level 1:colcon.colcon_core.environment:checking '/home/fmt/.no-mistakes/worktrees/b8e3b0e906af/01KXF3EBXC00B6ZS69VCQBAJA8/install/rosbag2_test_msgdefs/lib'
[5.942s] Level 1:colcon.colcon_core.shell:create_environment_hook('rosbag2_test_msgdefs', 'ld_library_path_lib')
[5.942s] INFO:colcon.colcon_core.shell:Creating environment hook '/home/fmt/.no-mistakes/worktrees/b8e3b0e906af/01KXF3EBXC00B6ZS69VCQBAJA8/install/rosbag2_test_msgdefs/share/rosbag2_test_msgdefs/hook/ld_library_path_lib.ps1'
[5.942s] INFO:colcon.colcon_core.shell:Creating environment descriptor '/home/fmt/.no-mistakes/worktrees/b8e3b0e906af/01KXF3EBXC00B6ZS69VCQBAJA8/install/rosbag2_test_msgdefs/share/rosbag2_test_msgdefs/hook/ld_library_path_lib.dsv'
[5.942s] INFO:colcon.colcon_core.shell:Creating environment hook '/home/fmt/.no-mistakes/worktrees/b8e3b0e906af/01KXF3EBXC00B6ZS69VCQBAJA8/install/rosbag2_test_msgdefs/share/rosbag2_test_msgdefs/hook/ld_library_path_lib.sh'
[5.943s] Level 1:colcon.colcon_core.environment:checking '/home/fmt/.no-mistakes/worktrees/b8e3b0e906af/01KXF3EBXC00B6ZS69VCQBAJA8/install/rosbag2_test_msgdefs/bin'
[5.943s] Level 1:colcon.colcon_core.environment:checking '/home/fmt/.no-mistakes/worktrees/b8e3b0e906af/01KXF3EBXC00B6ZS69VCQBAJA8/install/rosbag2_test_msgdefs/lib/pkgconfig/rosbag2_test_msgdefs.pc'
[5.943s] Level 1:colcon.colcon_core.environment:checking '/home/fmt/.no-mistakes/worktrees/b8e3b0e906af/01KXF3EBXC00B6ZS69VCQBAJA8/install/rosbag2_test_msgdefs/lib/python3.12/site-packages'
[5.943s] Level 1:colcon.colcon_core.shell:create_environment_hook('rosbag2_test_msgdefs', 'pythonpath')
[5.943s] INFO:colcon.colcon_core.shell:Creating environment hook '/home/fmt/.no-mistakes/worktrees/b8e3b0e906af/01KXF3EBXC00B6ZS69VCQBAJA8/install/rosbag2_test_msgdefs/share/rosbag2_test_msgdefs/hook/pythonpath.ps1'
[5.943s] INFO:colcon.colcon_core.shell:Creating environment descriptor '/home/fmt/.no-mistakes/worktrees/b8e3b0e906af/01KXF3EBXC00B6ZS69VCQBAJA8/install/rosbag2_test_msgdefs/share/rosbag2_test_msgdefs/hook/pythonpath.dsv'
[5.943s] INFO:colcon.colcon_core.shell:Creating environment hook '/home/fmt/.no-mistakes/worktrees/b8e3b0e906af/01KXF3EBXC00B6ZS69VCQBAJA8/install/rosbag2_test_msgdefs/share/rosbag2_test_msgdefs/hook/pythonpath.sh'
[5.943s] Level 1:colcon.colcon_core.environment:checking '/home/fmt/.no-mistakes/worktrees/b8e3b0e906af/01KXF3EBXC00B6ZS69VCQBAJA8/install/rosbag2_test_msgdefs/bin'
[5.943s] INFO:colcon.colcon_core.shell:Creating package script '/home/fmt/.no-mistakes/worktrees/b8e3b0e906af/01KXF3EBXC00B6ZS69VCQBAJA8/install/rosbag2_test_msgdefs/share/rosbag2_test_msgdefs/package.ps1'
[5.944s] INFO:colcon.colcon_core.shell:Creating package descriptor '/home/fmt/.no-mistakes/worktrees/b8e3b0e906af/01KXF3EBXC00B6ZS69VCQBAJA8/install/rosbag2_test_msgdefs/share/rosbag2_test_msgdefs/package.dsv'
[5.944s] INFO:colcon.colcon_core.shell:Creating package script '/home/fmt/.no-mistakes/worktrees/b8e3b0e906af/01KXF3EBXC00B6ZS69VCQBAJA8/install/rosbag2_test_msgdefs/share/rosbag2_test_msgdefs/package.sh'
[5.944s] INFO:colcon.colcon_core.shell:Creating package script '/home/fmt/.no-mistakes/worktrees/b8e3b0e906af/01KXF3EBXC00B6ZS69VCQBAJA8/install/rosbag2_test_msgdefs/share/rosbag2_test_msgdefs/package.bash'
[5.944s] INFO:colcon.colcon_core.shell:Creating package script '/home/fmt/.no-mistakes/worktrees/b8e3b0e906af/01KXF3EBXC00B6ZS69VCQBAJA8/install/rosbag2_test_msgdefs/share/rosbag2_test_msgdefs/package.zsh'
[5.944s] Level 1:colcon.colcon_core.environment:create_file_with_runtime_dependencies(/home/fmt/.no-mistakes/worktrees/b8e3b0e906af/01KXF3EBXC00B6ZS69VCQBAJA8/install/rosbag2_test_msgdefs/share/colcon-core/packages/rosbag2_test_msgdefs)
[6.031s] DEBUG:colcon.colcon_core.event_handler.log_command:Invoked command in '/home/fmt/.no-mistakes/worktrees/b8e3b0e906af/01KXF3EBXC00B6ZS69VCQBAJA8/build/mcap_vendor' returned '0': AMENT_PREFIX_PATH=/home/fmt/.no-mistakes/worktrees/b8e3b0e906af/01KXF3EBXC00B6ZS69VCQBAJA8/install/zstd_vendor:/home/fmt/.no-mistakes/worktrees/b8e3b0e906af/01KXF3EBXC00B6ZS69VCQBAJA8/install/liblz4_vendor:${AMENT_PREFIX_PATH} CMAKE_PREFIX_PATH=/home/fmt/.no-mistakes/worktrees/b8e3b0e906af/01KXF3EBXC00B6ZS69VCQBAJA8/install/zstd_vendor:/home/fmt/.no-mistakes/worktrees/b8e3b0e906af/01KXF3EBXC00B6ZS69VCQBAJA8/install/liblz4_vendor:/opt/intel/oneapi/tbb/2023.0/env/..:/opt/intel/oneapi/dpl/2022.12/lib/cmake/oneDPL:/opt/intel/oneapi/compiler/2026.0:/opt/ros/jazzy/opt/gz_sim_vendor:/opt/ros/jazzy/opt/gz_sensors_vendor:/opt/ros/jazzy/opt/gz_physics_vendor:/opt/ros/jazzy/opt/sdformat_vendor:/opt/ros/jazzy/opt/gz_gui_vendor:/opt/ros/jazzy/opt/gz_transport_vendor:/opt/ros/jazzy/opt/gz_rendering_vendor:/opt/ros/jazzy/opt/gz_plugin_vendor:/opt/ros/jazzy/opt/gz_fuel_tools_vendor:/opt/ros/jazzy/opt/gz_msgs_vendor:/opt/ros/jazzy/opt/gz_common_vendor:/opt/ros/jazzy/opt/gz_math_vendor:/opt/ros/jazzy/opt/gz_utils_vendor:/opt/ros/jazzy/opt/gz_tools_vendor:/opt/ros/jazzy/opt/gz_ogre_next_vendor:/opt/ros/jazzy/opt/gz_dartsim_vendor:/opt/ros/jazzy/opt/gz_cmake_vendor:/opt/ros/jazzy DEBUGINFOD_URLS=https://debuginfod.ubuntu.com /usr/bin/cmake --build /home/fmt/.no-mistakes/worktrees/b8e3b0e906af/01KXF3EBXC00B6ZS69VCQBAJA8/build/mcap_vendor -- -j20 -l20
[6.032s] DEBUG:colcon.colcon_core.event_handler.log_command:Invoking command in '/home/fmt/.no-mistakes/worktrees/b8e3b0e906af/01KXF3EBXC00B6ZS69VCQBAJA8/build/mcap_vendor': AMENT_PREFIX_PATH=/home/fmt/.no-mistakes/worktrees/b8e3b0e906af/01KXF3EBXC00B6ZS69VCQBAJA8/install/zstd_vendor:/home/fmt/.no-mistakes/worktrees/b8e3b0e906af/01KXF3EBXC00B6ZS69VCQBAJA8/install/liblz4_vendor:${AMENT_PREFIX_PATH} CMAKE_PREFIX_PATH=/home/fmt/.no-mistakes/worktrees/b8e3b0e906af/01KXF3EBXC00B6ZS69VCQBAJA8/install/zstd_vendor:/home/fmt/.no-mistakes/worktrees/b8e3b0e906af/01KXF3EBXC00B6ZS69VCQBAJA8/install/liblz4_vendor:/opt/intel/oneapi/tbb/2023.0/env/..:/opt/intel/oneapi/dpl/2022.12/lib/cmake/oneDPL:/opt/intel/oneapi/compiler/2026.0:/opt/ros/jazzy/opt/gz_sim_vendor:/opt/ros/jazzy/opt/gz_sensors_vendor:/opt/ros/jazzy/opt/gz_physics_vendor:/opt/ros/jazzy/opt/sdformat_vendor:/opt/ros/jazzy/opt/gz_gui_vendor:/opt/ros/jazzy/opt/gz_transport_vendor:/opt/ros/jazzy/opt/gz_rendering_vendor:/opt/ros/jazzy/opt/gz_plugin_vendor:/opt/ros/jazzy/opt/gz_fuel_tools_vendor:/opt/ros/jazzy/opt/gz_msgs_vendor:/opt/ros/jazzy/opt/gz_common_vendor:/opt/ros/jazzy/opt/gz_math_vendor:/opt/ros/jazzy/opt/gz_utils_vendor:/opt/ros/jazzy/opt/gz_tools_vendor:/opt/ros/jazzy/opt/gz_ogre_next_vendor:/opt/ros/jazzy/opt/gz_dartsim_vendor:/opt/ros/jazzy/opt/gz_cmake_vendor:/opt/ros/jazzy DEBUGINFOD_URLS=https://debuginfod.ubuntu.com /usr/bin/cmake --install /home/fmt/.no-mistakes/worktrees/b8e3b0e906af/01KXF3EBXC00B6ZS69VCQBAJA8/build/mcap_vendor
[6.038s] Level 1:colcon.colcon_core.environment:create_environment_scripts_only(mcap_vendor)
[6.039s] Level 1:colcon.colcon_core.environment:checking '/home/fmt/.no-mistakes/worktrees/b8e3b0e906af/01KXF3EBXC00B6ZS69VCQBAJA8/install/mcap_vendor' for CMake module files
[6.039s] DEBUG:colcon.colcon_core.event_handler.log_command:Invoked command in '/home/fmt/.no-mistakes/worktrees/b8e3b0e906af/01KXF3EBXC00B6ZS69VCQBAJA8/build/mcap_vendor' returned '0': AMENT_PREFIX_PATH=/home/fmt/.no-mistakes/worktrees/b8e3b0e906af/01KXF3EBXC00B6ZS69VCQBAJA8/install/zstd_vendor:/home/fmt/.no-mistakes/worktrees/b8e3b0e906af/01KXF3EBXC00B6ZS69VCQBAJA8/install/liblz4_vendor:${AMENT_PREFIX_PATH} CMAKE_PREFIX_PATH=/home/fmt/.no-mistakes/worktrees/b8e3b0e906af/01KXF3EBXC00B6ZS69VCQBAJA8/install/zstd_vendor:/home/fmt/.no-mistakes/worktrees/b8e3b0e906af/01KXF3EBXC00B6ZS69VCQBAJA8/install/liblz4_vendor:/opt/intel/oneapi/tbb/2023.0/env/..:/opt/intel/oneapi/dpl/2022.12/lib/cmake/oneDPL:/opt/intel/oneapi/compiler/2026.0:/opt/ros/jazzy/opt/gz_sim_vendor:/opt/ros/jazzy/opt/gz_sensors_vendor:/opt/ros/jazzy/opt/gz_physics_vendor:/opt/ros/jazzy/opt/sdformat_vendor:/opt/ros/jazzy/opt/gz_gui_vendor:/opt/ros/jazzy/opt/gz_transport_vendor:/opt/ros/jazzy/opt/gz_rendering_vendor:/opt/ros/jazzy/opt/gz_plugin_vendor:/opt/ros/jazzy/opt/gz_fuel_tools_vendor:/opt/ros/jazzy/opt/gz_msgs_vendor:/opt/ros/jazzy/opt/gz_common_vendor:/opt/ros/jazzy/opt/gz_math_vendor:/opt/ros/jazzy/opt/gz_utils_vendor:/opt/ros/jazzy/opt/gz_tools_vendor:/opt/ros/jazzy/opt/gz_ogre_next_vendor:/opt/ros/jazzy/opt/gz_dartsim_vendor:/opt/ros/jazzy/opt/gz_cmake_vendor:/opt/ros/jazzy DEBUGINFOD_URLS=https://debuginfod.ubuntu.com /usr/bin/cmake --install /home/fmt/.no-mistakes/worktrees/b8e3b0e906af/01KXF3EBXC00B6ZS69VCQBAJA8/build/mcap_vendor
[6.039s] Level 1:colcon.colcon_core.environment:checking '/home/fmt/.no-mistakes/worktrees/b8e3b0e906af/01KXF3EBXC00B6ZS69VCQBAJA8/install/mcap_vendor' for CMake config files
[6.039s] Level 1:colcon.colcon_core.shell:create_environment_hook('mcap_vendor', 'cmake_prefix_path')
[6.039s] INFO:colcon.colcon_core.shell:Creating environment hook '/home/fmt/.no-mistakes/worktrees/b8e3b0e906af/01KXF3EBXC00B6ZS69VCQBAJA8/install/mcap_vendor/share/mcap_vendor/hook/cmake_prefix_path.ps1'
[6.039s] INFO:colcon.colcon_core.shell:Creating environment descriptor '/home/fmt/.no-mistakes/worktrees/b8e3b0e906af/01KXF3EBXC00B6ZS69VCQBAJA8/install/mcap_vendor/share/mcap_vendor/hook/cmake_prefix_path.dsv'
[6.039s] INFO:colcon.colcon_core.shell:Creating environment hook '/home/fmt/.no-mistakes/worktrees/b8e3b0e906af/01KXF3EBXC00B6ZS69VCQBAJA8/install/mcap_vendor/share/mcap_vendor/hook/cmake_prefix_path.sh'
[6.040s] Level 1:colcon.colcon_core.environment:checking '/home/fmt/.no-mistakes/worktrees/b8e3b0e906af/01KXF3EBXC00B6ZS69VCQBAJA8/install/mcap_vendor/lib'
[6.040s] Level 1:colcon.colcon_core.shell:create_environment_hook('mcap_vendor', 'ld_library_path_lib')
[6.040s] INFO:colcon.colcon_core.shell:Creating environment hook '/home/fmt/.no-mistakes/worktrees/b8e3b0e906af/01KXF3EBXC00B6ZS69VCQBAJA8/install/mcap_vendor/share/mcap_vendor/hook/ld_library_path_lib.ps1'
[6.040s] INFO:colcon.colcon_core.shell:Creating environment descriptor '/home/fmt/.no-mistakes/worktrees/b8e3b0e906af/01KXF3EBXC00B6ZS69VCQBAJA8/install/mcap_vendor/share/mcap_vendor/hook/ld_library_path_lib.dsv'
[6.040s] INFO:colcon.colcon_core.shell:Creating environment hook '/home/fmt/.no-mistakes/worktrees/b8e3b0e906af/01KXF3EBXC00B6ZS69VCQBAJA8/install/mcap_vendor/share/mcap_vendor/hook/ld_library_path_lib.sh'
[6.040s] Level 1:colcon.colcon_core.environment:checking '/home/fmt/.no-mistakes/worktrees/b8e3b0e906af/01KXF3EBXC00B6ZS69VCQBAJA8/install/mcap_vendor/bin'
[6.040s] Level 1:colcon.colcon_core.environment:checking '/home/fmt/.no-mistakes/worktrees/b8e3b0e906af/01KXF3EBXC00B6ZS69VCQBAJA8/install/mcap_vendor/lib/pkgconfig/mcap_vendor.pc'
[6.040s] Level 1:colcon.colcon_core.environment:checking '/home/fmt/.no-mistakes/worktrees/b8e3b0e906af/01KXF3EBXC00B6ZS69VCQBAJA8/install/mcap_vendor/lib/python3.12/site-packages'
[6.040s] Level 1:colcon.colcon_core.environment:checking '/home/fmt/.no-mistakes/worktrees/b8e3b0e906af/01KXF3EBXC00B6ZS69VCQBAJA8/install/mcap_vendor/bin'
[6.040s] INFO:colcon.colcon_core.shell:Creating package script '/home/fmt/.no-mistakes/worktrees/b8e3b0e906af/01KXF3EBXC00B6ZS69VCQBAJA8/install/mcap_vendor/share/mcap_vendor/package.ps1'
[6.041s] INFO:colcon.colcon_core.shell:Creating package descriptor '/home/fmt/.no-mistakes/worktrees/b8e3b0e906af/01KXF3EBXC00B6ZS69VCQBAJA8/install/mcap_vendor/share/mcap_vendor/package.dsv'
[6.041s] INFO:colcon.colcon_core.shell:Creating package script '/home/fmt/.no-mistakes/worktrees/b8e3b0e906af/01KXF3EBXC00B6ZS69VCQBAJA8/install/mcap_vendor/share/mcap_vendor/package.sh'
[6.041s] INFO:colcon.colcon_core.shell:Creating package script '/home/fmt/.no-mistakes/worktrees/b8e3b0e906af/01KXF3EBXC00B6ZS69VCQBAJA8/install/mcap_vendor/share/mcap_vendor/package.bash'
[6.041s] INFO:colcon.colcon_core.shell:Creating package script '/home/fmt/.no-mistakes/worktrees/b8e3b0e906af/01KXF3EBXC00B6ZS69VCQBAJA8/install/mcap_vendor/share/mcap_vendor/package.zsh'
[6.041s] Level 1:colcon.colcon_core.environment:create_file_with_runtime_dependencies(/home/fmt/.no-mistakes/worktrees/b8e3b0e906af/01KXF3EBXC00B6ZS69VCQBAJA8/install/mcap_vendor/share/colcon-core/packages/mcap_vendor)
[6.041s] Level 1:colcon.colcon_core.environment:create_environment_scripts_only(mcap_vendor)
[6.042s] Level 1:colcon.colcon_core.environment:checking '/home/fmt/.no-mistakes/worktrees/b8e3b0e906af/01KXF3EBXC00B6ZS69VCQBAJA8/install/mcap_vendor' for CMake module files
[6.042s] Level 1:colcon.colcon_core.environment:checking '/home/fmt/.no-mistakes/worktrees/b8e3b0e906af/01KXF3EBXC00B6ZS69VCQBAJA8/install/mcap_vendor' for CMake config files
[6.042s] Level 1:colcon.colcon_core.shell:create_environment_hook('mcap_vendor', 'cmake_prefix_path')
[6.042s] INFO:colcon.colcon_core.shell:Creating environment hook '/home/fmt/.no-mistakes/worktrees/b8e3b0e906af/01KXF3EBXC00B6ZS69VCQBAJA8/install/mcap_vendor/share/mcap_vendor/hook/cmake_prefix_path.ps1'
[6.042s] INFO:colcon.colcon_core.shell:Creating environment descriptor '/home/fmt/.no-mistakes/worktrees/b8e3b0e906af/01KXF3EBXC00B6ZS69VCQBAJA8/install/mcap_vendor/share/mcap_vendor/hook/cmake_prefix_path.dsv'
[6.042s] INFO:colcon.colcon_core.shell:Creating environment hook '/home/fmt/.no-mistakes/worktrees/b8e3b0e906af/01KXF3EBXC00B6ZS69VCQBAJA8/install/mcap_vendor/share/mcap_vendor/hook/cmake_prefix_path.sh'
[6.042s] Level 1:colcon.colcon_core.environment:checking '/home/fmt/.no-mistakes/worktrees/b8e3b0e906af/01KXF3EBXC00B6ZS69VCQBAJA8/install/mcap_vendor/lib'
[6.042s] Level 1:colcon.colcon_core.shell:create_environment_hook('mcap_vendor', 'ld_library_path_lib')
[6.042s] INFO:colcon.colcon_core.shell:Creating environment hook '/home/fmt/.no-mistakes/worktrees/b8e3b0e906af/01KXF3EBXC00B6ZS69VCQBAJA8/install/mcap_vendor/share/mcap_vendor/hook/ld_library_path_lib.ps1'
[6.043s] INFO:colcon.colcon_core.shell:Creating environment descriptor '/home/fmt/.no-mistakes/worktrees/b8e3b0e906af/01KXF3EBXC00B6ZS69VCQBAJA8/install/mcap_vendor/share/mcap_vendor/hook/ld_library_path_lib.dsv'
[6.043s] INFO:colcon.colcon_core.shell:Creating environment hook '/home/fmt/.no-mistakes/worktrees/b8e3b0e906af/01KXF3EBXC00B6ZS69VCQBAJA8/install/mcap_vendor/share/mcap_vendor/hook/ld_library_path_lib.sh'
[6.043s] Level 1:colcon.colcon_core.environment:checking '/home/fmt/.no-mistakes/worktrees/b8e3b0e906af/01KXF3EBXC00B6ZS69VCQBAJA8/install/mcap_vendor/bin'
[6.043s] Level 1:colcon.colcon_core.environment:checking '/home/fmt/.no-mistakes/worktrees/b8e3b0e906af/01KXF3EBXC00B6ZS69VCQBAJA8/install/mcap_vendor/lib/pkgconfig/mcap_vendor.pc'
[6.043s] Level 1:colcon.colcon_core.environment:checking '/home/fmt/.no-mistakes/worktrees/b8e3b0e906af/01KXF3EBXC00B6ZS69VCQBAJA8/install/mcap_vendor/lib/python3.12/site-packages'
[6.043s] Level 1:colcon.colcon_core.environment:checking '/home/fmt/.no-mistakes/worktrees/b8e3b0e906af/01KXF3EBXC00B6ZS69VCQBAJA8/install/mcap_vendor/bin'
[6.043s] INFO:colcon.colcon_core.shell:Creating package script '/home/fmt/.no-mistakes/worktrees/b8e3b0e906af/01KXF3EBXC00B6ZS69VCQBAJA8/install/mcap_vendor/share/mcap_vendor/package.ps1'
[6.043s] INFO:colcon.colcon_core.shell:Creating package descriptor '/home/fmt/.no-mistakes/worktrees/b8e3b0e906af/01KXF3EBXC00B6ZS69VCQBAJA8/install/mcap_vendor/share/mcap_vendor/package.dsv'
[6.044s] INFO:colcon.colcon_core.shell:Creating package script '/home/fmt/.no-mistakes/worktrees/b8e3b0e906af/01KXF3EBXC00B6ZS69VCQBAJA8/install/mcap_vendor/share/mcap_vendor/package.sh'
[6.044s] INFO:colcon.colcon_core.shell:Creating package script '/home/fmt/.no-mistakes/worktrees/b8e3b0e906af/01KXF3EBXC00B6ZS69VCQBAJA8/install/mcap_vendor/share/mcap_vendor/package.bash'
[6.044s] INFO:colcon.colcon_core.shell:Creating package script '/home/fmt/.no-mistakes/worktrees/b8e3b0e906af/01KXF3EBXC00B6ZS69VCQBAJA8/install/mcap_vendor/share/mcap_vendor/package.zsh'
[6.044s] Level 1:colcon.colcon_core.environment:create_file_with_runtime_dependencies(/home/fmt/.no-mistakes/worktrees/b8e3b0e906af/01KXF3EBXC00B6ZS69VCQBAJA8/install/mcap_vendor/share/colcon-core/packages/mcap_vendor)
[8.181s] DEBUG:colcon.colcon_core.event_handler.log_command:Invoked command in '/home/fmt/.no-mistakes/worktrees/b8e3b0e906af/01KXF3EBXC00B6ZS69VCQBAJA8/build/rosbag2_storage' returned '0': AMENT_PREFIX_PATH=/home/fmt/.no-mistakes/worktrees/b8e3b0e906af/01KXF3EBXC00B6ZS69VCQBAJA8/install/rosbag2_test_common:${AMENT_PREFIX_PATH} CMAKE_PREFIX_PATH=/home/fmt/.no-mistakes/worktrees/b8e3b0e906af/01KXF3EBXC00B6ZS69VCQBAJA8/install/rosbag2_test_common:/opt/intel/oneapi/tbb/2023.0/env/..:/opt/intel/oneapi/dpl/2022.12/lib/cmake/oneDPL:/opt/intel/oneapi/compiler/2026.0:/opt/ros/jazzy/opt/gz_sim_vendor:/opt/ros/jazzy/opt/gz_sensors_vendor:/opt/ros/jazzy/opt/gz_physics_vendor:/opt/ros/jazzy/opt/sdformat_vendor:/opt/ros/jazzy/opt/gz_gui_vendor:/opt/ros/jazzy/opt/gz_transport_vendor:/opt/ros/jazzy/opt/gz_rendering_vendor:/opt/ros/jazzy/opt/gz_plugin_vendor:/opt/ros/jazzy/opt/gz_fuel_tools_vendor:/opt/ros/jazzy/opt/gz_msgs_vendor:/opt/ros/jazzy/opt/gz_common_vendor:/opt/ros/jazzy/opt/gz_math_vendor:/opt/ros/jazzy/opt/gz_utils_vendor:/opt/ros/jazzy/opt/gz_tools_vendor:/opt/ros/jazzy/opt/gz_ogre_next_vendor:/opt/ros/jazzy/opt/gz_dartsim_vendor:/opt/ros/jazzy/opt/gz_cmake_vendor:/opt/ros/jazzy DEBUGINFOD_URLS=https://debuginfod.ubuntu.com PYTHONPATH=/home/fmt/.no-mistakes/worktrees/b8e3b0e906af/01KXF3EBXC00B6ZS69VCQBAJA8/install/rosbag2_test_common/lib/python3.12/site-packages:${PYTHONPATH} /usr/bin/cmake --build /home/fmt/.no-mistakes/worktrees/b8e3b0e906af/01KXF3EBXC00B6ZS69VCQBAJA8/build/rosbag2_storage -- -j20 -l20
[8.181s] DEBUG:colcon.colcon_core.event_handler.log_command:Invoking command in '/home/fmt/.no-mistakes/worktrees/b8e3b0e906af/01KXF3EBXC00B6ZS69VCQBAJA8/build/rosbag2_storage': AMENT_PREFIX_PATH=/home/fmt/.no-mistakes/worktrees/b8e3b0e906af/01KXF3EBXC00B6ZS69VCQBAJA8/install/rosbag2_test_common:${AMENT_PREFIX_PATH} CMAKE_PREFIX_PATH=/home/fmt/.no-mistakes/worktrees/b8e3b0e906af/01KXF3EBXC00B6ZS69VCQBAJA8/install/rosbag2_test_common:/opt/intel/oneapi/tbb/2023.0/env/..:/opt/intel/oneapi/dpl/2022.12/lib/cmake/oneDPL:/opt/intel/oneapi/compiler/2026.0:/opt/ros/jazzy/opt/gz_sim_vendor:/opt/ros/jazzy/opt/gz_sensors_vendor:/opt/ros/jazzy/opt/gz_physics_vendor:/opt/ros/jazzy/opt/sdformat_vendor:/opt/ros/jazzy/opt/gz_gui_vendor:/opt/ros/jazzy/opt/gz_transport_vendor:/opt/ros/jazzy/opt/gz_rendering_vendor:/opt/ros/jazzy/opt/gz_plugin_vendor:/opt/ros/jazzy/opt/gz_fuel_tools_vendor:/opt/ros/jazzy/opt/gz_msgs_vendor:/opt/ros/jazzy/opt/gz_common_vendor:/opt/ros/jazzy/opt/gz_math_vendor:/opt/ros/jazzy/opt/gz_utils_vendor:/opt/ros/jazzy/opt/gz_tools_vendor:/opt/ros/jazzy/opt/gz_ogre_next_vendor:/opt/ros/jazzy/opt/gz_dartsim_vendor:/opt/ros/jazzy/opt/gz_cmake_vendor:/opt/ros/jazzy DEBUGINFOD_URLS=https://debuginfod.ubuntu.com PYTHONPATH=/home/fmt/.no-mistakes/worktrees/b8e3b0e906af/01KXF3EBXC00B6ZS69VCQBAJA8/install/rosbag2_test_common/lib/python3.12/site-packages:${PYTHONPATH} /usr/bin/cmake --install /home/fmt/.no-mistakes/worktrees/b8e3b0e906af/01KXF3EBXC00B6ZS69VCQBAJA8/build/rosbag2_storage
[8.190s] Level 1:colcon.colcon_core.environment:create_environment_scripts_only(rosbag2_storage)
[8.190s] Level 1:colcon.colcon_core.environment:checking '/home/fmt/.no-mistakes/worktrees/b8e3b0e906af/01KXF3EBXC00B6ZS69VCQBAJA8/install/rosbag2_storage' for CMake module files
[8.190s] DEBUG:colcon.colcon_core.event_handler.log_command:Invoked command in '/home/fmt/.no-mistakes/worktrees/b8e3b0e906af/01KXF3EBXC00B6ZS69VCQBAJA8/build/rosbag2_storage' returned '0': AMENT_PREFIX_PATH=/home/fmt/.no-mistakes/worktrees/b8e3b0e906af/01KXF3EBXC00B6ZS69VCQBAJA8/install/rosbag2_test_common:${AMENT_PREFIX_PATH} CMAKE_PREFIX_PATH=/home/fmt/.no-mistakes/worktrees/b8e3b0e906af/01KXF3EBXC00B6ZS69VCQBAJA8/install/rosbag2_test_common:/opt/intel/oneapi/tbb/2023.0/env/..:/opt/intel/oneapi/dpl/2022.12/lib/cmake/oneDPL:/opt/intel/oneapi/compiler/2026.0:/opt/ros/jazzy/opt/gz_sim_vendor:/opt/ros/jazzy/opt/gz_sensors_vendor:/opt/ros/jazzy/opt/gz_physics_vendor:/opt/ros/jazzy/opt/sdformat_vendor:/opt/ros/jazzy/opt/gz_gui_vendor:/opt/ros/jazzy/opt/gz_transport_vendor:/opt/ros/jazzy/opt/gz_rendering_vendor:/opt/ros/jazzy/opt/gz_plugin_vendor:/opt/ros/jazzy/opt/gz_fuel_tools_vendor:/opt/ros/jazzy/opt/gz_msgs_vendor:/opt/ros/jazzy/opt/gz_common_vendor:/opt/ros/jazzy/opt/gz_math_vendor:/opt/ros/jazzy/opt/gz_utils_vendor:/opt/ros/jazzy/opt/gz_tools_vendor:/opt/ros/jazzy/opt/gz_ogre_next_vendor:/opt/ros/jazzy/opt/gz_dartsim_vendor:/opt/ros/jazzy/opt/gz_cmake_vendor:/opt/ros/jazzy DEBUGINFOD_URLS=https://debuginfod.ubuntu.com PYTHONPATH=/home/fmt/.no-mistakes/worktrees/b8e3b0e906af/01KXF3EBXC00B6ZS69VCQBAJA8/install/rosbag2_test_common/lib/python3.12/site-packages:${PYTHONPATH} /usr/bin/cmake --install /home/fmt/.no-mistakes/worktrees/b8e3b0e906af/01KXF3EBXC00B6ZS69VCQBAJA8/build/rosbag2_storage
[8.190s] Level 1:colcon.colcon_core.environment:checking '/home/fmt/.no-mistakes/worktrees/b8e3b0e906af/01KXF3EBXC00B6ZS69VCQBAJA8/install/rosbag2_storage' for CMake config files
[8.191s] Level 1:colcon.colcon_core.shell:create_environment_hook('rosbag2_storage', 'cmake_prefix_path')
[8.191s] INFO:colcon.colcon_core.shell:Creating environment hook '/home/fmt/.no-mistakes/worktrees/b8e3b0e906af/01KXF3EBXC00B6ZS69VCQBAJA8/install/rosbag2_storage/share/rosbag2_storage/hook/cmake_prefix_path.ps1'
[8.191s] INFO:colcon.colcon_core.shell:Creating environment descriptor '/home/fmt/.no-mistakes/worktrees/b8e3b0e906af/01KXF3EBXC00B6ZS69VCQBAJA8/install/rosbag2_storage/share/rosbag2_storage/hook/cmake_prefix_path.dsv'
[8.191s] INFO:colcon.colcon_core.shell:Creating environment hook '/home/fmt/.no-mistakes/worktrees/b8e3b0e906af/01KXF3EBXC00B6ZS69VCQBAJA8/install/rosbag2_storage/share/rosbag2_storage/hook/cmake_prefix_path.sh'
[8.191s] Level 1:colcon.colcon_core.environment:checking '/home/fmt/.no-mistakes/worktrees/b8e3b0e906af/01KXF3EBXC00B6ZS69VCQBAJA8/install/rosbag2_storage/lib'
[8.191s] Level 1:colcon.colcon_core.shell:create_environment_hook('rosbag2_storage', 'ld_library_path_lib')
[8.191s] INFO:colcon.colcon_core.shell:Creating environment hook '/home/fmt/.no-mistakes/worktrees/b8e3b0e906af/01KXF3EBXC00B6ZS69VCQBAJA8/install/rosbag2_storage/share/rosbag2_storage/hook/ld_library_path_lib.ps1'
[8.192s] INFO:colcon.colcon_core.shell:Creating environment descriptor '/home/fmt/.no-mistakes/worktrees/b8e3b0e906af/01KXF3EBXC00B6ZS69VCQBAJA8/install/rosbag2_storage/share/rosbag2_storage/hook/ld_library_path_lib.dsv'
[8.192s] INFO:colcon.colcon_core.shell:Creating environment hook '/home/fmt/.no-mistakes/worktrees/b8e3b0e906af/01KXF3EBXC00B6ZS69VCQBAJA8/install/rosbag2_storage/share/rosbag2_storage/hook/ld_library_path_lib.sh'
[8.192s] Level 1:colcon.colcon_core.environment:checking '/home/fmt/.no-mistakes/worktrees/b8e3b0e906af/01KXF3EBXC00B6ZS69VCQBAJA8/install/rosbag2_storage/bin'
[8.192s] Level 1:colcon.colcon_core.environment:checking '/home/fmt/.no-mistakes/worktrees/b8e3b0e906af/01KXF3EBXC00B6ZS69VCQBAJA8/install/rosbag2_storage/lib/pkgconfig/rosbag2_storage.pc'
[8.192s] Level 1:colcon.colcon_core.environment:checking '/home/fmt/.no-mistakes/worktrees/b8e3b0e906af/01KXF3EBXC00B6ZS69VCQBAJA8/install/rosbag2_storage/lib/python3.12/site-packages'
[8.192s] Level 1:colcon.colcon_core.environment:checking '/home/fmt/.no-mistakes/worktrees/b8e3b0e906af/01KXF3EBXC00B6ZS69VCQBAJA8/install/rosbag2_storage/bin'
[8.192s] INFO:colcon.colcon_core.shell:Creating package script '/home/fmt/.no-mistakes/worktrees/b8e3b0e906af/01KXF3EBXC00B6ZS69VCQBAJA8/install/rosbag2_storage/share/rosbag2_storage/package.ps1'
[8.193s] INFO:colcon.colcon_core.shell:Creating package descriptor '/home/fmt/.no-mistakes/worktrees/b8e3b0e906af/01KXF3EBXC00B6ZS69VCQBAJA8/install/rosbag2_storage/share/rosbag2_storage/package.dsv'
[8.193s] INFO:colcon.colcon_core.shell:Creating package script '/home/fmt/.no-mistakes/worktrees/b8e3b0e906af/01KXF3EBXC00B6ZS69VCQBAJA8/install/rosbag2_storage/share/rosbag2_storage/package.sh'
[8.193s] INFO:colcon.colcon_core.shell:Creating package script '/home/fmt/.no-mistakes/worktrees/b8e3b0e906af/01KXF3EBXC00B6ZS69VCQBAJA8/install/rosbag2_storage/share/rosbag2_storage/package.bash'
[8.193s] INFO:colcon.colcon_core.shell:Creating package script '/home/fmt/.no-mistakes/worktrees/b8e3b0e906af/01KXF3EBXC00B6ZS69VCQBAJA8/install/rosbag2_storage/share/rosbag2_storage/package.zsh'
[8.193s] Level 1:colcon.colcon_core.environment:create_file_with_runtime_dependencies(/home/fmt/.no-mistakes/worktrees/b8e3b0e906af/01KXF3EBXC00B6ZS69VCQBAJA8/install/rosbag2_storage/share/colcon-core/packages/rosbag2_storage)
[8.194s] Level 1:colcon.colcon_core.environment:create_environment_scripts_only(rosbag2_storage)
[8.194s] Level 1:colcon.colcon_core.environment:checking '/home/fmt/.no-mistakes/worktrees/b8e3b0e906af/01KXF3EBXC00B6ZS69VCQBAJA8/install/rosbag2_storage' for CMake module files
[8.194s] Level 1:colcon.colcon_core.environment:checking '/home/fmt/.no-mistakes/worktrees/b8e3b0e906af/01KXF3EBXC00B6ZS69VCQBAJA8/install/rosbag2_storage' for CMake config files
[8.194s] Level 1:colcon.colcon_core.shell:create_environment_hook('rosbag2_storage', 'cmake_prefix_path')
[8.194s] INFO:colcon.colcon_core.shell:Creating environment hook '/home/fmt/.no-mistakes/worktrees/b8e3b0e906af/01KXF3EBXC00B6ZS69VCQBAJA8/install/rosbag2_storage/share/rosbag2_storage/hook/cmake_prefix_path.ps1'
[8.194s] INFO:colcon.colcon_core.shell:Creating environment descriptor '/home/fmt/.no-mistakes/worktrees/b8e3b0e906af/01KXF3EBXC00B6ZS69VCQBAJA8/install/rosbag2_storage/share/rosbag2_storage/hook/cmake_prefix_path.dsv'
[8.195s] INFO:colcon.colcon_core.shell:Creating environment hook '/home/fmt/.no-mistakes/worktrees/b8e3b0e906af/01KXF3EBXC00B6ZS69VCQBAJA8/install/rosbag2_storage/share/rosbag2_storage/hook/cmake_prefix_path.sh'
[8.195s] Level 1:colcon.colcon_core.environment:checking '/home/fmt/.no-mistakes/worktrees/b8e3b0e906af/01KXF3EBXC00B6ZS69VCQBAJA8/install/rosbag2_storage/lib'
[8.195s] Level 1:colcon.colcon_core.shell:create_environment_hook('rosbag2_storage', 'ld_library_path_lib')
[8.195s] INFO:colcon.colcon_core.shell:Creating environment hook '/home/fmt/.no-mistakes/worktrees/b8e3b0e906af/01KXF3EBXC00B6ZS69VCQBAJA8/install/rosbag2_storage/share/rosbag2_storage/hook/ld_library_path_lib.ps1'
[8.195s] INFO:colcon.colcon_core.shell:Creating environment descriptor '/home/fmt/.no-mistakes/worktrees/b8e3b0e906af/01KXF3EBXC00B6ZS69VCQBAJA8/install/rosbag2_storage/share/rosbag2_storage/hook/ld_library_path_lib.dsv'
[8.195s] INFO:colcon.colcon_core.shell:Creating environment hook '/home/fmt/.no-mistakes/worktrees/b8e3b0e906af/01KXF3EBXC00B6ZS69VCQBAJA8/install/rosbag2_storage/share/rosbag2_storage/hook/ld_library_path_lib.sh'
[8.195s] Level 1:colcon.colcon_core.environment:checking '/home/fmt/.no-mistakes/worktrees/b8e3b0e906af/01KXF3EBXC00B6ZS69VCQBAJA8/install/rosbag2_storage/bin'
[8.195s] Level 1:colcon.colcon_core.environment:checking '/home/fmt/.no-mistakes/worktrees/b8e3b0e906af/01KXF3EBXC00B6ZS69VCQBAJA8/install/rosbag2_storage/lib/pkgconfig/rosbag2_storage.pc'
[8.196s] Level 1:colcon.colcon_core.environment:checking '/home/fmt/.no-mistakes/worktrees/b8e3b0e906af/01KXF3EBXC00B6ZS69VCQBAJA8/install/rosbag2_storage/lib/python3.12/site-packages'
[8.196s] Level 1:colcon.colcon_core.environment:checking '/home/fmt/.no-mistakes/worktrees/b8e3b0e906af/01KXF3EBXC00B6ZS69VCQBAJA8/install/rosbag2_storage/bin'
[8.196s] INFO:colcon.colcon_core.shell:Creating package script '/home/fmt/.no-mistakes/worktrees/b8e3b0e906af/01KXF3EBXC00B6ZS69VCQBAJA8/install/rosbag2_storage/share/rosbag2_storage/package.ps1'
[8.196s] INFO:colcon.colcon_core.shell:Creating package descriptor '/home/fmt/.no-mistakes/worktrees/b8e3b0e906af/01KXF3EBXC00B6ZS69VCQBAJA8/install/rosbag2_storage/share/rosbag2_storage/package.dsv'
[8.196s] INFO:colcon.colcon_core.shell:Creating package script '/home/fmt/.no-mistakes/worktrees/b8e3b0e906af/01KXF3EBXC00B6ZS69VCQBAJA8/install/rosbag2_storage/share/rosbag2_storage/package.sh'
[8.197s] INFO:colcon.colcon_core.shell:Creating package script '/home/fmt/.no-mistakes/worktrees/b8e3b0e906af/01KXF3EBXC00B6ZS69VCQBAJA8/install/rosbag2_storage/share/rosbag2_storage/package.bash'
[8.197s] INFO:colcon.colcon_core.shell:Creating package script '/home/fmt/.no-mistakes/worktrees/b8e3b0e906af/01KXF3EBXC00B6ZS69VCQBAJA8/install/rosbag2_storage/share/rosbag2_storage/package.zsh'
[8.197s] Level 1:colcon.colcon_core.environment:create_file_with_runtime_dependencies(/home/fmt/.no-mistakes/worktrees/b8e3b0e906af/01KXF3EBXC00B6ZS69VCQBAJA8/install/rosbag2_storage/share/colcon-core/packages/rosbag2_storage)
[8.197s] INFO:colcon.colcon_ros.task.ament_cmake.build:Building ROS package in '/home/fmt/.no-mistakes/worktrees/b8e3b0e906af/01KXF3EBXC00B6ZS69VCQBAJA8/rosbag2_storage_mcap' with build type 'ament_cmake'
[8.197s] INFO:colcon.colcon_cmake.task.cmake.build:Building CMake package in '/home/fmt/.no-mistakes/worktrees/b8e3b0e906af/01KXF3EBXC00B6ZS69VCQBAJA8/rosbag2_storage_mcap'
[8.197s] INFO:colcon.colcon_core.shell:Skip shell extension 'powershell' for command environment: Not usable outside of PowerShell
[8.197s] DEBUG:colcon.colcon_core.shell:Skip shell extension 'dsv' for command environment
[8.199s] INFO:colcon.colcon_ros.task.ament_cmake.build:Building ROS package in '/home/fmt/.no-mistakes/worktrees/b8e3b0e906af/01KXF3EBXC00B6ZS69VCQBAJA8/rosbag2_storage_sqlite3' with build type 'ament_cmake'
[8.199s] INFO:colcon.colcon_cmake.task.cmake.build:Building CMake package in '/home/fmt/.no-mistakes/worktrees/b8e3b0e906af/01KXF3EBXC00B6ZS69VCQBAJA8/rosbag2_storage_sqlite3'
[8.199s] INFO:colcon.colcon_core.shell:Skip shell extension 'powershell' for command environment: Not usable outside of PowerShell
[8.199s] DEBUG:colcon.colcon_core.shell:Skip shell extension 'dsv' for command environment
[8.205s] DEBUG:colcon.colcon_core.event_handler.log_command:Invoking command in '/home/fmt/.no-mistakes/worktrees/b8e3b0e906af/01KXF3EBXC00B6ZS69VCQBAJA8/build/rosbag2_storage_sqlite3': AMENT_PREFIX_PATH=/home/fmt/.no-mistakes/worktrees/b8e3b0e906af/01KXF3EBXC00B6ZS69VCQBAJA8/install/rosbag2_storage:/home/fmt/.no-mistakes/worktrees/b8e3b0e906af/01KXF3EBXC00B6ZS69VCQBAJA8/install/sqlite3_vendor:/home/fmt/.no-mistakes/worktrees/b8e3b0e906af/01KXF3EBXC00B6ZS69VCQBAJA8/install/rosbag2_test_common:${AMENT_PREFIX_PATH} CMAKE_PREFIX_PATH=/home/fmt/.no-mistakes/worktrees/b8e3b0e906af/01KXF3EBXC00B6ZS69VCQBAJA8/install/rosbag2_storage:/home/fmt/.no-mistakes/worktrees/b8e3b0e906af/01KXF3EBXC00B6ZS69VCQBAJA8/install/sqlite3_vendor:/home/fmt/.no-mistakes/worktrees/b8e3b0e906af/01KXF3EBXC00B6ZS69VCQBAJA8/install/rosbag2_test_common:/opt/intel/oneapi/tbb/2023.0/env/..:/opt/intel/oneapi/dpl/2022.12/lib/cmake/oneDPL:/opt/intel/oneapi/compiler/2026.0:/opt/ros/jazzy/opt/gz_sim_vendor:/opt/ros/jazzy/opt/gz_sensors_vendor:/opt/ros/jazzy/opt/gz_physics_vendor:/opt/ros/jazzy/opt/sdformat_vendor:/opt/ros/jazzy/opt/gz_gui_vendor:/opt/ros/jazzy/opt/gz_transport_vendor:/opt/ros/jazzy/opt/gz_rendering_vendor:/opt/ros/jazzy/opt/gz_plugin_vendor:/opt/ros/jazzy/opt/gz_fuel_tools_vendor:/opt/ros/jazzy/opt/gz_msgs_vendor:/opt/ros/jazzy/opt/gz_common_vendor:/opt/ros/jazzy/opt/gz_math_vendor:/opt/ros/jazzy/opt/gz_utils_vendor:/opt/ros/jazzy/opt/gz_tools_vendor:/opt/ros/jazzy/opt/gz_ogre_next_vendor:/opt/ros/jazzy/opt/gz_dartsim_vendor:/opt/ros/jazzy/opt/gz_cmake_vendor:/opt/ros/jazzy DEBUGINFOD_URLS=https://debuginfod.ubuntu.com LD_LIBRARY_PATH=/home/fmt/.no-mistakes/worktrees/b8e3b0e906af/01KXF3EBXC00B6ZS69VCQBAJA8/install/rosbag2_storage/lib:${LD_LIBRARY_PATH} PYTHONPATH=/home/fmt/.no-mistakes/worktrees/b8e3b0e906af/01KXF3EBXC00B6ZS69VCQBAJA8/install/rosbag2_test_common/lib/python3.12/site-packages:${PYTHONPATH} /usr/bin/cmake /home/fmt/.no-mistakes/worktrees/b8e3b0e906af/01KXF3EBXC00B6ZS69VCQBAJA8/rosbag2_storage_sqlite3 -DCMAKE_BUILD_TYPE=Release -DCMAKE_INSTALL_PREFIX=/home/fmt/.no-mistakes/worktrees/b8e3b0e906af/01KXF3EBXC00B6ZS69VCQBAJA8/install/rosbag2_storage_sqlite3
[8.206s] DEBUG:colcon.colcon_core.event_handler.log_command:Invoking command in '/home/fmt/.no-mistakes/worktrees/b8e3b0e906af/01KXF3EBXC00B6ZS69VCQBAJA8/build/rosbag2_storage_mcap': AMENT_PREFIX_PATH=/home/fmt/.no-mistakes/worktrees/b8e3b0e906af/01KXF3EBXC00B6ZS69VCQBAJA8/install/rosbag2_storage:/home/fmt/.no-mistakes/worktrees/b8e3b0e906af/01KXF3EBXC00B6ZS69VCQBAJA8/install/mcap_vendor:/home/fmt/.no-mistakes/worktrees/b8e3b0e906af/01KXF3EBXC00B6ZS69VCQBAJA8/install/zstd_vendor:/home/fmt/.no-mistakes/worktrees/b8e3b0e906af/01KXF3EBXC00B6ZS69VCQBAJA8/install/rosbag2_test_common:/home/fmt/.no-mistakes/worktrees/b8e3b0e906af/01KXF3EBXC00B6ZS69VCQBAJA8/install/liblz4_vendor:${AMENT_PREFIX_PATH} CMAKE_PREFIX_PATH=/home/fmt/.no-mistakes/worktrees/b8e3b0e906af/01KXF3EBXC00B6ZS69VCQBAJA8/install/rosbag2_storage:/home/fmt/.no-mistakes/worktrees/b8e3b0e906af/01KXF3EBXC00B6ZS69VCQBAJA8/install/mcap_vendor:/home/fmt/.no-mistakes/worktrees/b8e3b0e906af/01KXF3EBXC00B6ZS69VCQBAJA8/install/zstd_vendor:/home/fmt/.no-mistakes/worktrees/b8e3b0e906af/01KXF3EBXC00B6ZS69VCQBAJA8/install/rosbag2_test_common:/home/fmt/.no-mistakes/worktrees/b8e3b0e906af/01KXF3EBXC00B6ZS69VCQBAJA8/install/liblz4_vendor:/opt/intel/oneapi/tbb/2023.0/env/..:/opt/intel/oneapi/dpl/2022.12/lib/cmake/oneDPL:/opt/intel/oneapi/compiler/2026.0:/opt/ros/jazzy/opt/gz_sim_vendor:/opt/ros/jazzy/opt/gz_sensors_vendor:/opt/ros/jazzy/opt/gz_physics_vendor:/opt/ros/jazzy/opt/sdformat_vendor:/opt/ros/jazzy/opt/gz_gui_vendor:/opt/ros/jazzy/opt/gz_transport_vendor:/opt/ros/jazzy/opt/gz_rendering_vendor:/opt/ros/jazzy/opt/gz_plugin_vendor:/opt/ros/jazzy/opt/gz_fuel_tools_vendor:/opt/ros/jazzy/opt/gz_msgs_vendor:/opt/ros/jazzy/opt/gz_common_vendor:/opt/ros/jazzy/opt/gz_math_vendor:/opt/ros/jazzy/opt/gz_utils_vendor:/opt/ros/jazzy/opt/gz_tools_vendor:/opt/ros/jazzy/opt/gz_ogre_next_vendor:/opt/ros/jazzy/opt/gz_dartsim_vendor:/opt/ros/jazzy/opt/gz_cmake_vendor:/opt/ros/jazzy DEBUGINFOD_URLS=https://debuginfod.ubuntu.com LD_LIBRARY_PATH=/home/fmt/.no-mistakes/worktrees/b8e3b0e906af/01KXF3EBXC00B6ZS69VCQBAJA8/install/rosbag2_storage/lib:/home/fmt/.no-mistakes/worktrees/b8e3b0e906af/01KXF3EBXC00B6ZS69VCQBAJA8/install/mcap_vendor/lib:${LD_LIBRARY_PATH} PYTHONPATH=/home/fmt/.no-mistakes/worktrees/b8e3b0e906af/01KXF3EBXC00B6ZS69VCQBAJA8/install/rosbag2_test_common/lib/python3.12/site-packages:${PYTHONPATH} /usr/bin/cmake /home/fmt/.no-mistakes/worktrees/b8e3b0e906af/01KXF3EBXC00B6ZS69VCQBAJA8/rosbag2_storage_mcap -DCMAKE_BUILD_TYPE=Release -DCMAKE_INSTALL_PREFIX=/home/fmt/.no-mistakes/worktrees/b8e3b0e906af/01KXF3EBXC00B6ZS69VCQBAJA8/install/rosbag2_storage_mcap
[8.979s] DEBUG:colcon.colcon_core.event_handler.log_command:Invoked command in '/home/fmt/.no-mistakes/worktrees/b8e3b0e906af/01KXF3EBXC00B6ZS69VCQBAJA8/build/rosbag2_storage_sqlite3' returned '0': AMENT_PREFIX_PATH=/home/fmt/.no-mistakes/worktrees/b8e3b0e906af/01KXF3EBXC00B6ZS69VCQBAJA8/install/rosbag2_storage:/home/fmt/.no-mistakes/worktrees/b8e3b0e906af/01KXF3EBXC00B6ZS69VCQBAJA8/install/sqlite3_vendor:/home/fmt/.no-mistakes/worktrees/b8e3b0e906af/01KXF3EBXC00B6ZS69VCQBAJA8/install/rosbag2_test_common:${AMENT_PREFIX_PATH} CMAKE_PREFIX_PATH=/home/fmt/.no-mistakes/worktrees/b8e3b0e906af/01KXF3EBXC00B6ZS69VCQBAJA8/install/rosbag2_storage:/home/fmt/.no-mistakes/worktrees/b8e3b0e906af/01KXF3EBXC00B6ZS69VCQBAJA8/install/sqlite3_vendor:/home/fmt/.no-mistakes/worktrees/b8e3b0e906af/01KXF3EBXC00B6ZS69VCQBAJA8/install/rosbag2_test_common:/opt/intel/oneapi/tbb/2023.0/env/..:/opt/intel/oneapi/dpl/2022.12/lib/cmake/oneDPL:/opt/intel/oneapi/compiler/2026.0:/opt/ros/jazzy/opt/gz_sim_vendor:/opt/ros/jazzy/opt/gz_sensors_vendor:/opt/ros/jazzy/opt/gz_physics_vendor:/opt/ros/jazzy/opt/sdformat_vendor:/opt/ros/jazzy/opt/gz_gui_vendor:/opt/ros/jazzy/opt/gz_transport_vendor:/opt/ros/jazzy/opt/gz_rendering_vendor:/opt/ros/jazzy/opt/gz_plugin_vendor:/opt/ros/jazzy/opt/gz_fuel_tools_vendor:/opt/ros/jazzy/opt/gz_msgs_vendor:/opt/ros/jazzy/opt/gz_common_vendor:/opt/ros/jazzy/opt/gz_math_vendor:/opt/ros/jazzy/opt/gz_utils_vendor:/opt/ros/jazzy/opt/gz_tools_vendor:/opt/ros/jazzy/opt/gz_ogre_next_vendor:/opt/ros/jazzy/opt/gz_dartsim_vendor:/opt/ros/jazzy/opt/gz_cmake_vendor:/opt/ros/jazzy DEBUGINFOD_URLS=https://debuginfod.ubuntu.com LD_LIBRARY_PATH=/home/fmt/.no-mistakes/worktrees/b8e3b0e906af/01KXF3EBXC00B6ZS69VCQBAJA8/install/rosbag2_storage/lib:${LD_LIBRARY_PATH} PYTHONPATH=/home/fmt/.no-mistakes/worktrees/b8e3b0e906af/01KXF3EBXC00B6ZS69VCQBAJA8/install/rosbag2_test_common/lib/python3.12/site-packages:${PYTHONPATH} /usr/bin/cmake /home/fmt/.no-mistakes/worktrees/b8e3b0e906af/01KXF3EBXC00B6ZS69VCQBAJA8/rosbag2_storage_sqlite3 -DCMAKE_BUILD_TYPE=Release -DCMAKE_INSTALL_PREFIX=/home/fmt/.no-mistakes/worktrees/b8e3b0e906af/01KXF3EBXC00B6ZS69VCQBAJA8/install/rosbag2_storage_sqlite3
[8.980s] DEBUG:colcon.colcon_core.event_handler.log_command:Invoking command in '/home/fmt/.no-mistakes/worktrees/b8e3b0e906af/01KXF3EBXC00B6ZS69VCQBAJA8/build/rosbag2_storage_sqlite3': AMENT_PREFIX_PATH=/home/fmt/.no-mistakes/worktrees/b8e3b0e906af/01KXF3EBXC00B6ZS69VCQBAJA8/install/rosbag2_storage:/home/fmt/.no-mistakes/worktrees/b8e3b0e906af/01KXF3EBXC00B6ZS69VCQBAJA8/install/sqlite3_vendor:/home/fmt/.no-mistakes/worktrees/b8e3b0e906af/01KXF3EBXC00B6ZS69VCQBAJA8/install/rosbag2_test_common:${AMENT_PREFIX_PATH} CMAKE_PREFIX_PATH=/home/fmt/.no-mistakes/worktrees/b8e3b0e906af/01KXF3EBXC00B6ZS69VCQBAJA8/install/rosbag2_storage:/home/fmt/.no-mistakes/worktrees/b8e3b0e906af/01KXF3EBXC00B6ZS69VCQBAJA8/install/sqlite3_vendor:/home/fmt/.no-mistakes/worktrees/b8e3b0e906af/01KXF3EBXC00B6ZS69VCQBAJA8/install/rosbag2_test_common:/opt/intel/oneapi/tbb/2023.0/env/..:/opt/intel/oneapi/dpl/2022.12/lib/cmake/oneDPL:/opt/intel/oneapi/compiler/2026.0:/opt/ros/jazzy/opt/gz_sim_vendor:/opt/ros/jazzy/opt/gz_sensors_vendor:/opt/ros/jazzy/opt/gz_physics_vendor:/opt/ros/jazzy/opt/sdformat_vendor:/opt/ros/jazzy/opt/gz_gui_vendor:/opt/ros/jazzy/opt/gz_transport_vendor:/opt/ros/jazzy/opt/gz_rendering_vendor:/opt/ros/jazzy/opt/gz_plugin_vendor:/opt/ros/jazzy/opt/gz_fuel_tools_vendor:/opt/ros/jazzy/opt/gz_msgs_vendor:/opt/ros/jazzy/opt/gz_common_vendor:/opt/ros/jazzy/opt/gz_math_vendor:/opt/ros/jazzy/opt/gz_utils_vendor:/opt/ros/jazzy/opt/gz_tools_vendor:/opt/ros/jazzy/opt/gz_ogre_next_vendor:/opt/ros/jazzy/opt/gz_dartsim_vendor:/opt/ros/jazzy/opt/gz_cmake_vendor:/opt/ros/jazzy DEBUGINFOD_URLS=https://debuginfod.ubuntu.com LD_LIBRARY_PATH=/home/fmt/.no-mistakes/worktrees/b8e3b0e906af/01KXF3EBXC00B6ZS69VCQBAJA8/install/rosbag2_storage/lib:${LD_LIBRARY_PATH} PYTHONPATH=/home/fmt/.no-mistakes/worktrees/b8e3b0e906af/01KXF3EBXC00B6ZS69VCQBAJA8/install/rosbag2_test_common/lib/python3.12/site-packages:${PYTHONPATH} /usr/bin/cmake --build /home/fmt/.no-mistakes/worktrees/b8e3b0e906af/01KXF3EBXC00B6ZS69VCQBAJA8/build/rosbag2_storage_sqlite3 -- -j20 -l20
[8.980s] DEBUG:colcon.colcon_core.event_handler.log_command:Invoked command in '/home/fmt/.no-mistakes/worktrees/b8e3b0e906af/01KXF3EBXC00B6ZS69VCQBAJA8/build/rosbag2_storage_mcap' returned '0': AMENT_PREFIX_PATH=/home/fmt/.no-mistakes/worktrees/b8e3b0e906af/01KXF3EBXC00B6ZS69VCQBAJA8/install/rosbag2_storage:/home/fmt/.no-mistakes/worktrees/b8e3b0e906af/01KXF3EBXC00B6ZS69VCQBAJA8/install/mcap_vendor:/home/fmt/.no-mistakes/worktrees/b8e3b0e906af/01KXF3EBXC00B6ZS69VCQBAJA8/install/zstd_vendor:/home/fmt/.no-mistakes/worktrees/b8e3b0e906af/01KXF3EBXC00B6ZS69VCQBAJA8/install/rosbag2_test_common:/home/fmt/.no-mistakes/worktrees/b8e3b0e906af/01KXF3EBXC00B6ZS69VCQBAJA8/install/liblz4_vendor:${AMENT_PREFIX_PATH} CMAKE_PREFIX_PATH=/home/fmt/.no-mistakes/worktrees/b8e3b0e906af/01KXF3EBXC00B6ZS69VCQBAJA8/install/rosbag2_storage:/home/fmt/.no-mistakes/worktrees/b8e3b0e906af/01KXF3EBXC00B6ZS69VCQBAJA8/install/mcap_vendor:/home/fmt/.no-mistakes/worktrees/b8e3b0e906af/01KXF3EBXC00B6ZS69VCQBAJA8/install/zstd_vendor:/home/fmt/.no-mistakes/worktrees/b8e3b0e906af/01KXF3EBXC00B6ZS69VCQBAJA8/install/rosbag2_test_common:/home/fmt/.no-mistakes/worktrees/b8e3b0e906af/01KXF3EBXC00B6ZS69VCQBAJA8/install/liblz4_vendor:/opt/intel/oneapi/tbb/2023.0/env/..:/opt/intel/oneapi/dpl/2022.12/lib/cmake/oneDPL:/opt/intel/oneapi/compiler/2026.0:/opt/ros/jazzy/opt/gz_sim_vendor:/opt/ros/jazzy/opt/gz_sensors_vendor:/opt/ros/jazzy/opt/gz_physics_vendor:/opt/ros/jazzy/opt/sdformat_vendor:/opt/ros/jazzy/opt/gz_gui_vendor:/opt/ros/jazzy/opt/gz_transport_vendor:/opt/ros/jazzy/opt/gz_rendering_vendor:/opt/ros/jazzy/opt/gz_plugin_vendor:/opt/ros/jazzy/opt/gz_fuel_tools_vendor:/opt/ros/jazzy/opt/gz_msgs_vendor:/opt/ros/jazzy/opt/gz_common_vendor:/opt/ros/jazzy/opt/gz_math_vendor:/opt/ros/jazzy/opt/gz_utils_vendor:/opt/ros/jazzy/opt/gz_tools_vendor:/opt/ros/jazzy/opt/gz_ogre_next_vendor:/opt/ros/jazzy/opt/gz_dartsim_vendor:/opt/ros/jazzy/opt/gz_cmake_vendor:/opt/ros/jazzy DEBUGINFOD_URLS=https://debuginfod.ubuntu.com LD_LIBRARY_PATH=/home/fmt/.no-mistakes/worktrees/b8e3b0e906af/01KXF3EBXC00B6ZS69VCQBAJA8/install/rosbag2_storage/lib:/home/fmt/.no-mistakes/worktrees/b8e3b0e906af/01KXF3EBXC00B6ZS69VCQBAJA8/install/mcap_vendor/lib:${LD_LIBRARY_PATH} PYTHONPATH=/home/fmt/.no-mistakes/worktrees/b8e3b0e906af/01KXF3EBXC00B6ZS69VCQBAJA8/install/rosbag2_test_common/lib/python3.12/site-packages:${PYTHONPATH} /usr/bin/cmake /home/fmt/.no-mistakes/worktrees/b8e3b0e906af/01KXF3EBXC00B6ZS69VCQBAJA8/rosbag2_storage_mcap -DCMAKE_BUILD_TYPE=Release -DCMAKE_INSTALL_PREFIX=/home/fmt/.no-mistakes/worktrees/b8e3b0e906af/01KXF3EBXC00B6ZS69VCQBAJA8/install/rosbag2_storage_mcap
[8.980s] DEBUG:colcon.colcon_core.event_handler.log_command:Invoking command in '/home/fmt/.no-mistakes/worktrees/b8e3b0e906af/01KXF3EBXC00B6ZS69VCQBAJA8/build/rosbag2_storage_mcap': AMENT_PREFIX_PATH=/home/fmt/.no-mistakes/worktrees/b8e3b0e906af/01KXF3EBXC00B6ZS69VCQBAJA8/install/rosbag2_storage:/home/fmt/.no-mistakes/worktrees/b8e3b0e906af/01KXF3EBXC00B6ZS69VCQBAJA8/install/mcap_vendor:/home/fmt/.no-mistakes/worktrees/b8e3b0e906af/01KXF3EBXC00B6ZS69VCQBAJA8/install/zstd_vendor:/home/fmt/.no-mistakes/worktrees/b8e3b0e906af/01KXF3EBXC00B6ZS69VCQBAJA8/install/rosbag2_test_common:/home/fmt/.no-mistakes/worktrees/b8e3b0e906af/01KXF3EBXC00B6ZS69VCQBAJA8/install/liblz4_vendor:${AMENT_PREFIX_PATH} CMAKE_PREFIX_PATH=/home/fmt/.no-mistakes/worktrees/b8e3b0e906af/01KXF3EBXC00B6ZS69VCQBAJA8/install/rosbag2_storage:/home/fmt/.no-mistakes/worktrees/b8e3b0e906af/01KXF3EBXC00B6ZS69VCQBAJA8/install/mcap_vendor:/home/fmt/.no-mistakes/worktrees/b8e3b0e906af/01KXF3EBXC00B6ZS69VCQBAJA8/install/zstd_vendor:/home/fmt/.no-mistakes/worktrees/b8e3b0e906af/01KXF3EBXC00B6ZS69VCQBAJA8/install/rosbag2_test_common:/home/fmt/.no-mistakes/worktrees/b8e3b0e906af/01KXF3EBXC00B6ZS69VCQBAJA8/install/liblz4_vendor:/opt/intel/oneapi/tbb/2023.0/env/..:/opt/intel/oneapi/dpl/2022.12/lib/cmake/oneDPL:/opt/intel/oneapi/compiler/2026.0:/opt/ros/jazzy/opt/gz_sim_vendor:/opt/ros/jazzy/opt/gz_sensors_vendor:/opt/ros/jazzy/opt/gz_physics_vendor:/opt/ros/jazzy/opt/sdformat_vendor:/opt/ros/jazzy/opt/gz_gui_vendor:/opt/ros/jazzy/opt/gz_transport_vendor:/opt/ros/jazzy/opt/gz_rendering_vendor:/opt/ros/jazzy/opt/gz_plugin_vendor:/opt/ros/jazzy/opt/gz_fuel_tools_vendor:/opt/ros/jazzy/opt/gz_msgs_vendor:/opt/ros/jazzy/opt/gz_common_vendor:/opt/ros/jazzy/opt/gz_math_vendor:/opt/ros/jazzy/opt/gz_utils_vendor:/opt/ros/jazzy/opt/gz_tools_vendor:/opt/ros/jazzy/opt/gz_ogre_next_vendor:/opt/ros/jazzy/opt/gz_dartsim_vendor:/opt/ros/jazzy/opt/gz_cmake_vendor:/opt/ros/jazzy DEBUGINFOD_URLS=https://debuginfod.ubuntu.com LD_LIBRARY_PATH=/home/fmt/.no-mistakes/worktrees/b8e3b0e906af/01KXF3EBXC00B6ZS69VCQBAJA8/install/rosbag2_storage/lib:/home/fmt/.no-mistakes/worktrees/b8e3b0e906af/01KXF3EBXC00B6ZS69VCQBAJA8/install/mcap_vendor/lib:${LD_LIBRARY_PATH} PYTHONPATH=/home/fmt/.no-mistakes/worktrees/b8e3b0e906af/01KXF3EBXC00B6ZS69VCQBAJA8/install/rosbag2_test_common/lib/python3.12/site-packages:${PYTHONPATH} /usr/bin/cmake --build /home/fmt/.no-mistakes/worktrees/b8e3b0e906af/01KXF3EBXC00B6ZS69VCQBAJA8/build/rosbag2_storage_mcap -- -j20 -l20
[16.777s] DEBUG:colcon.colcon_core.event_handler.log_command:Invoked command in '/home/fmt/.no-mistakes/worktrees/b8e3b0e906af/01KXF3EBXC00B6ZS69VCQBAJA8/build/rosbag2_storage_mcap' returned '0': AMENT_PREFIX_PATH=/home/fmt/.no-mistakes/worktrees/b8e3b0e906af/01KXF3EBXC00B6ZS69VCQBAJA8/install/rosbag2_storage:/home/fmt/.no-mistakes/worktrees/b8e3b0e906af/01KXF3EBXC00B6ZS69VCQBAJA8/install/mcap_vendor:/home/fmt/.no-mistakes/worktrees/b8e3b0e906af/01KXF3EBXC00B6ZS69VCQBAJA8/install/zstd_vendor:/home/fmt/.no-mistakes/worktrees/b8e3b0e906af/01KXF3EBXC00B6ZS69VCQBAJA8/install/rosbag2_test_common:/home/fmt/.no-mistakes/worktrees/b8e3b0e906af/01KXF3EBXC00B6ZS69VCQBAJA8/install/liblz4_vendor:${AMENT_PREFIX_PATH} CMAKE_PREFIX_PATH=/home/fmt/.no-mistakes/worktrees/b8e3b0e906af/01KXF3EBXC00B6ZS69VCQBAJA8/install/rosbag2_storage:/home/fmt/.no-mistakes/worktrees/b8e3b0e906af/01KXF3EBXC00B6ZS69VCQBAJA8/install/mcap_vendor:/home/fmt/.no-mistakes/worktrees/b8e3b0e906af/01KXF3EBXC00B6ZS69VCQBAJA8/install/zstd_vendor:/home/fmt/.no-mistakes/worktrees/b8e3b0e906af/01KXF3EBXC00B6ZS69VCQBAJA8/install/rosbag2_test_common:/home/fmt/.no-mistakes/worktrees/b8e3b0e906af/01KXF3EBXC00B6ZS69VCQBAJA8/install/liblz4_vendor:/opt/intel/oneapi/tbb/2023.0/env/..:/opt/intel/oneapi/dpl/2022.12/lib/cmake/oneDPL:/opt/intel/oneapi/compiler/2026.0:/opt/ros/jazzy/opt/gz_sim_vendor:/opt/ros/jazzy/opt/gz_sensors_vendor:/opt/ros/jazzy/opt/gz_physics_vendor:/opt/ros/jazzy/opt/sdformat_vendor:/opt/ros/jazzy/opt/gz_gui_vendor:/opt/ros/jazzy/opt/gz_transport_vendor:/opt/ros/jazzy/opt/gz_rendering_vendor:/opt/ros/jazzy/opt/gz_plugin_vendor:/opt/ros/jazzy/opt/gz_fuel_tools_vendor:/opt/ros/jazzy/opt/gz_msgs_vendor:/opt/ros/jazzy/opt/gz_common_vendor:/opt/ros/jazzy/opt/gz_math_vendor:/opt/ros/jazzy/opt/gz_utils_vendor:/opt/ros/jazzy/opt/gz_tools_vendor:/opt/ros/jazzy/opt/gz_ogre_next_vendor:/opt/ros/jazzy/opt/gz_dartsim_vendor:/opt/ros/jazzy/opt/gz_cmake_vendor:/opt/ros/jazzy DEBUGINFOD_URLS=https://debuginfod.ubuntu.com LD_LIBRARY_PATH=/home/fmt/.no-mistakes/worktrees/b8e3b0e906af/01KXF3EBXC00B6ZS69VCQBAJA8/install/rosbag2_storage/lib:/home/fmt/.no-mistakes/worktrees/b8e3b0e906af/01KXF3EBXC00B6ZS69VCQBAJA8/install/mcap_vendor/lib:${LD_LIBRARY_PATH} PYTHONPATH=/home/fmt/.no-mistakes/worktrees/b8e3b0e906af/01KXF3EBXC00B6ZS69VCQBAJA8/install/rosbag2_test_common/lib/python3.12/site-packages:${PYTHONPATH} /usr/bin/cmake --build /home/fmt/.no-mistakes/worktrees/b8e3b0e906af/01KXF3EBXC00B6ZS69VCQBAJA8/build/rosbag2_storage_mcap -- -j20 -l20
[16.778s] DEBUG:colcon.colcon_core.event_handler.log_command:Invoking command in '/home/fmt/.no-mistakes/worktrees/b8e3b0e906af/01KXF3EBXC00B6ZS69VCQBAJA8/build/rosbag2_storage_mcap': AMENT_PREFIX_PATH=/home/fmt/.no-mistakes/worktrees/b8e3b0e906af/01KXF3EBXC00B6ZS69VCQBAJA8/install/rosbag2_storage:/home/fmt/.no-mistakes/worktrees/b8e3b0e906af/01KXF3EBXC00B6ZS69VCQBAJA8/install/mcap_vendor:/home/fmt/.no-mistakes/worktrees/b8e3b0e906af/01KXF3EBXC00B6ZS69VCQBAJA8/install/zstd_vendor:/home/fmt/.no-mistakes/worktrees/b8e3b0e906af/01KXF3EBXC00B6ZS69VCQBAJA8/install/rosbag2_test_common:/home/fmt/.no-mistakes/worktrees/b8e3b0e906af/01KXF3EBXC00B6ZS69VCQBAJA8/install/liblz4_vendor:${AMENT_PREFIX_PATH} CMAKE_PREFIX_PATH=/home/fmt/.no-mistakes/worktrees/b8e3b0e906af/01KXF3EBXC00B6ZS69VCQBAJA8/install/rosbag2_storage:/home/fmt/.no-mistakes/worktrees/b8e3b0e906af/01KXF3EBXC00B6ZS69VCQBAJA8/install/mcap_vendor:/home/fmt/.no-mistakes/worktrees/b8e3b0e906af/01KXF3EBXC00B6ZS69VCQBAJA8/install/zstd_vendor:/home/fmt/.no-mistakes/worktrees/b8e3b0e906af/01KXF3EBXC00B6ZS69VCQBAJA8/install/rosbag2_test_common:/home/fmt/.no-mistakes/worktrees/b8e3b0e906af/01KXF3EBXC00B6ZS69VCQBAJA8/install/liblz4_vendor:/opt/intel/oneapi/tbb/2023.0/env/..:/opt/intel/oneapi/dpl/2022.12/lib/cmake/oneDPL:/opt/intel/oneapi/compiler/2026.0:/opt/ros/jazzy/opt/gz_sim_vendor:/opt/ros/jazzy/opt/gz_sensors_vendor:/opt/ros/jazzy/opt/gz_physics_vendor:/opt/ros/jazzy/opt/sdformat_vendor:/opt/ros/jazzy/opt/gz_gui_vendor:/opt/ros/jazzy/opt/gz_transport_vendor:/opt/ros/jazzy/opt/gz_rendering_vendor:/opt/ros/jazzy/opt/gz_plugin_vendor:/opt/ros/jazzy/opt/gz_fuel_tools_vendor:/opt/ros/jazzy/opt/gz_msgs_vendor:/opt/ros/jazzy/opt/gz_common_vendor:/opt/ros/jazzy/opt/gz_math_vendor:/opt/ros/jazzy/opt/gz_utils_vendor:/opt/ros/jazzy/opt/gz_tools_vendor:/opt/ros/jazzy/opt/gz_ogre_next_vendor:/opt/ros/jazzy/opt/gz_dartsim_vendor:/opt/ros/jazzy/opt/gz_cmake_vendor:/opt/ros/jazzy DEBUGINFOD_URLS=https://debuginfod.ubuntu.com LD_LIBRARY_PATH=/home/fmt/.no-mistakes/worktrees/b8e3b0e906af/01KXF3EBXC00B6ZS69VCQBAJA8/install/rosbag2_storage/lib:/home/fmt/.no-mistakes/worktrees/b8e3b0e906af/01KXF3EBXC00B6ZS69VCQBAJA8/install/mcap_vendor/lib:${LD_LIBRARY_PATH} PYTHONPATH=/home/fmt/.no-mistakes/worktrees/b8e3b0e906af/01KXF3EBXC00B6ZS69VCQBAJA8/install/rosbag2_test_common/lib/python3.12/site-packages:${PYTHONPATH} /usr/bin/cmake --install /home/fmt/.no-mistakes/worktrees/b8e3b0e906af/01KXF3EBXC00B6ZS69VCQBAJA8/build/rosbag2_storage_mcap
[16.809s] Level 1:colcon.colcon_core.environment:create_environment_scripts_only(rosbag2_storage_mcap)
[16.809s] Level 1:colcon.colcon_core.environment:checking '/home/fmt/.no-mistakes/worktrees/b8e3b0e906af/01KXF3EBXC00B6ZS69VCQBAJA8/install/rosbag2_storage_mcap' for CMake module files
[16.809s] DEBUG:colcon.colcon_core.event_handler.log_command:Invoked command in '/home/fmt/.no-mistakes/worktrees/b8e3b0e906af/01KXF3EBXC00B6ZS69VCQBAJA8/build/rosbag2_storage_mcap' returned '0': AMENT_PREFIX_PATH=/home/fmt/.no-mistakes/worktrees/b8e3b0e906af/01KXF3EBXC00B6ZS69VCQBAJA8/install/rosbag2_storage:/home/fmt/.no-mistakes/worktrees/b8e3b0e906af/01KXF3EBXC00B6ZS69VCQBAJA8/install/mcap_vendor:/home/fmt/.no-mistakes/worktrees/b8e3b0e906af/01KXF3EBXC00B6ZS69VCQBAJA8/install/zstd_vendor:/home/fmt/.no-mistakes/worktrees/b8e3b0e906af/01KXF3EBXC00B6ZS69VCQBAJA8/install/rosbag2_test_common:/home/fmt/.no-mistakes/worktrees/b8e3b0e906af/01KXF3EBXC00B6ZS69VCQBAJA8/install/liblz4_vendor:${AMENT_PREFIX_PATH} CMAKE_PREFIX_PATH=/home/fmt/.no-mistakes/worktrees/b8e3b0e906af/01KXF3EBXC00B6ZS69VCQBAJA8/install/rosbag2_storage:/home/fmt/.no-mistakes/worktrees/b8e3b0e906af/01KXF3EBXC00B6ZS69VCQBAJA8/install/mcap_vendor:/home/fmt/.no-mistakes/worktrees/b8e3b0e906af/01KXF3EBXC00B6ZS69VCQBAJA8/install/zstd_vendor:/home/fmt/.no-mistakes/worktrees/b8e3b0e906af/01KXF3EBXC00B6ZS69VCQBAJA8/install/rosbag2_test_common:/home/fmt/.no-mistakes/worktrees/b8e3b0e906af/01KXF3EBXC00B6ZS69VCQBAJA8/install/liblz4_vendor:/opt/intel/oneapi/tbb/2023.0/env/..:/opt/intel/oneapi/dpl/2022.12/lib/cmake/oneDPL:/opt/intel/oneapi/compiler/2026.0:/opt/ros/jazzy/opt/gz_sim_vendor:/opt/ros/jazzy/opt/gz_sensors_vendor:/opt/ros/jazzy/opt/gz_physics_vendor:/opt/ros/jazzy/opt/sdformat_vendor:/opt/ros/jazzy/opt/gz_gui_vendor:/opt/ros/jazzy/opt/gz_transport_vendor:/opt/ros/jazzy/opt/gz_rendering_vendor:/opt/ros/jazzy/opt/gz_plugin_vendor:/opt/ros/jazzy/opt/gz_fuel_tools_vendor:/opt/ros/jazzy/opt/gz_msgs_vendor:/opt/ros/jazzy/opt/gz_common_vendor:/opt/ros/jazzy/opt/gz_math_vendor:/opt/ros/jazzy/opt/gz_utils_vendor:/opt/ros/jazzy/opt/gz_tools_vendor:/opt/ros/jazzy/opt/gz_ogre_next_vendor:/opt/ros/jazzy/opt/gz_dartsim_vendor:/opt/ros/jazzy/opt/gz_cmake_vendor:/opt/ros/jazzy DEBUGINFOD_URLS=https://debuginfod.ubuntu.com LD_LIBRARY_PATH=/home/fmt/.no-mistakes/worktrees/b8e3b0e906af/01KXF3EBXC00B6ZS69VCQBAJA8/install/rosbag2_storage/lib:/home/fmt/.no-mistakes/worktrees/b8e3b0e906af/01KXF3EBXC00B6ZS69VCQBAJA8/install/mcap_vendor/lib:${LD_LIBRARY_PATH} PYTHONPATH=/home/fmt/.no-mistakes/worktrees/b8e3b0e906af/01KXF3EBXC00B6ZS69VCQBAJA8/install/rosbag2_test_common/lib/python3.12/site-packages:${PYTHONPATH} /usr/bin/cmake --install /home/fmt/.no-mistakes/worktrees/b8e3b0e906af/01KXF3EBXC00B6ZS69VCQBAJA8/build/rosbag2_storage_mcap
[16.810s] Level 1:colcon.colcon_core.environment:checking '/home/fmt/.no-mistakes/worktrees/b8e3b0e906af/01KXF3EBXC00B6ZS69VCQBAJA8/install/rosbag2_storage_mcap' for CMake config files
[16.810s] Level 1:colcon.colcon_core.shell:create_environment_hook('rosbag2_storage_mcap', 'cmake_prefix_path')
[16.810s] INFO:colcon.colcon_core.shell:Creating environment hook '/home/fmt/.no-mistakes/worktrees/b8e3b0e906af/01KXF3EBXC00B6ZS69VCQBAJA8/install/rosbag2_storage_mcap/share/rosbag2_storage_mcap/hook/cmake_prefix_path.ps1'
[16.810s] INFO:colcon.colcon_core.shell:Creating environment descriptor '/home/fmt/.no-mistakes/worktrees/b8e3b0e906af/01KXF3EBXC00B6ZS69VCQBAJA8/install/rosbag2_storage_mcap/share/rosbag2_storage_mcap/hook/cmake_prefix_path.dsv'
[16.810s] INFO:colcon.colcon_core.shell:Creating environment hook '/home/fmt/.no-mistakes/worktrees/b8e3b0e906af/01KXF3EBXC00B6ZS69VCQBAJA8/install/rosbag2_storage_mcap/share/rosbag2_storage_mcap/hook/cmake_prefix_path.sh'
[16.811s] Level 1:colcon.colcon_core.environment:checking '/home/fmt/.no-mistakes/worktrees/b8e3b0e906af/01KXF3EBXC00B6ZS69VCQBAJA8/install/rosbag2_storage_mcap/lib'
[16.811s] Level 1:colcon.colcon_core.shell:create_environment_hook('rosbag2_storage_mcap', 'ld_library_path_lib')
[16.811s] INFO:colcon.colcon_core.shell:Creating environment hook '/home/fmt/.no-mistakes/worktrees/b8e3b0e906af/01KXF3EBXC00B6ZS69VCQBAJA8/install/rosbag2_storage_mcap/share/rosbag2_storage_mcap/hook/ld_library_path_lib.ps1'
[16.811s] INFO:colcon.colcon_core.shell:Creating environment descriptor '/home/fmt/.no-mistakes/worktrees/b8e3b0e906af/01KXF3EBXC00B6ZS69VCQBAJA8/install/rosbag2_storage_mcap/share/rosbag2_storage_mcap/hook/ld_library_path_lib.dsv'
[16.811s] INFO:colcon.colcon_core.shell:Creating environment hook '/home/fmt/.no-mistakes/worktrees/b8e3b0e906af/01KXF3EBXC00B6ZS69VCQBAJA8/install/rosbag2_storage_mcap/share/rosbag2_storage_mcap/hook/ld_library_path_lib.sh'
[16.811s] Level 1:colcon.colcon_core.environment:checking '/home/fmt/.no-mistakes/worktrees/b8e3b0e906af/01KXF3EBXC00B6ZS69VCQBAJA8/install/rosbag2_storage_mcap/bin'
[16.811s] Level 1:colcon.colcon_core.environment:checking '/home/fmt/.no-mistakes/worktrees/b8e3b0e906af/01KXF3EBXC00B6ZS69VCQBAJA8/install/rosbag2_storage_mcap/lib/pkgconfig/rosbag2_storage_mcap.pc'
[16.811s] Level 1:colcon.colcon_core.environment:checking '/home/fmt/.no-mistakes/worktrees/b8e3b0e906af/01KXF3EBXC00B6ZS69VCQBAJA8/install/rosbag2_storage_mcap/lib/python3.12/site-packages'
[16.811s] Level 1:colcon.colcon_core.shell:create_environment_hook('rosbag2_storage_mcap', 'pythonpath')
[16.811s] INFO:colcon.colcon_core.shell:Creating environment hook '/home/fmt/.no-mistakes/worktrees/b8e3b0e906af/01KXF3EBXC00B6ZS69VCQBAJA8/install/rosbag2_storage_mcap/share/rosbag2_storage_mcap/hook/pythonpath.ps1'
[16.812s] INFO:colcon.colcon_core.shell:Creating environment descriptor '/home/fmt/.no-mistakes/worktrees/b8e3b0e906af/01KXF3EBXC00B6ZS69VCQBAJA8/install/rosbag2_storage_mcap/share/rosbag2_storage_mcap/hook/pythonpath.dsv'
[16.812s] INFO:colcon.colcon_core.shell:Creating environment hook '/home/fmt/.no-mistakes/worktrees/b8e3b0e906af/01KXF3EBXC00B6ZS69VCQBAJA8/install/rosbag2_storage_mcap/share/rosbag2_storage_mcap/hook/pythonpath.sh'
[16.812s] Level 1:colcon.colcon_core.environment:checking '/home/fmt/.no-mistakes/worktrees/b8e3b0e906af/01KXF3EBXC00B6ZS69VCQBAJA8/install/rosbag2_storage_mcap/bin'
[16.812s] INFO:colcon.colcon_core.shell:Creating package script '/home/fmt/.no-mistakes/worktrees/b8e3b0e906af/01KXF3EBXC00B6ZS69VCQBAJA8/install/rosbag2_storage_mcap/share/rosbag2_storage_mcap/package.ps1'
[16.812s] INFO:colcon.colcon_core.shell:Creating package descriptor '/home/fmt/.no-mistakes/worktrees/b8e3b0e906af/01KXF3EBXC00B6ZS69VCQBAJA8/install/rosbag2_storage_mcap/share/rosbag2_storage_mcap/package.dsv'
[16.813s] INFO:colcon.colcon_core.shell:Creating package script '/home/fmt/.no-mistakes/worktrees/b8e3b0e906af/01KXF3EBXC00B6ZS69VCQBAJA8/install/rosbag2_storage_mcap/share/rosbag2_storage_mcap/package.sh'
[16.813s] INFO:colcon.colcon_core.shell:Creating package script '/home/fmt/.no-mistakes/worktrees/b8e3b0e906af/01KXF3EBXC00B6ZS69VCQBAJA8/install/rosbag2_storage_mcap/share/rosbag2_storage_mcap/package.bash'
[16.813s] INFO:colcon.colcon_core.shell:Creating package script '/home/fmt/.no-mistakes/worktrees/b8e3b0e906af/01KXF3EBXC00B6ZS69VCQBAJA8/install/rosbag2_storage_mcap/share/rosbag2_storage_mcap/package.zsh'
[16.813s] Level 1:colcon.colcon_core.environment:create_file_with_runtime_dependencies(/home/fmt/.no-mistakes/worktrees/b8e3b0e906af/01KXF3EBXC00B6ZS69VCQBAJA8/install/rosbag2_storage_mcap/share/colcon-core/packages/rosbag2_storage_mcap)
[16.813s] Level 1:colcon.colcon_core.environment:create_environment_scripts_only(rosbag2_storage_mcap)
[16.813s] Level 1:colcon.colcon_core.environment:checking '/home/fmt/.no-mistakes/worktrees/b8e3b0e906af/01KXF3EBXC00B6ZS69VCQBAJA8/install/rosbag2_storage_mcap' for CMake module files
[16.814s] Level 1:colcon.colcon_core.environment:checking '/home/fmt/.no-mistakes/worktrees/b8e3b0e906af/01KXF3EBXC00B6ZS69VCQBAJA8/install/rosbag2_storage_mcap' for CMake config files
[16.814s] Level 1:colcon.colcon_core.shell:create_environment_hook('rosbag2_storage_mcap', 'cmake_prefix_path')
[16.814s] INFO:colcon.colcon_core.shell:Creating environment hook '/home/fmt/.no-mistakes/worktrees/b8e3b0e906af/01KXF3EBXC00B6ZS69VCQBAJA8/install/rosbag2_storage_mcap/share/rosbag2_storage_mcap/hook/cmake_prefix_path.ps1'
[16.814s] INFO:colcon.colcon_core.shell:Creating environment descriptor '/home/fmt/.no-mistakes/worktrees/b8e3b0e906af/01KXF3EBXC00B6ZS69VCQBAJA8/install/rosbag2_storage_mcap/share/rosbag2_storage_mcap/hook/cmake_prefix_path.dsv'
[16.814s] INFO:colcon.colcon_core.shell:Creating environment hook '/home/fmt/.no-mistakes/worktrees/b8e3b0e906af/01KXF3EBXC00B6ZS69VCQBAJA8/install/rosbag2_storage_mcap/share/rosbag2_storage_mcap/hook/cmake_prefix_path.sh'
[16.815s] Level 1:colcon.colcon_core.environment:checking '/home/fmt/.no-mistakes/worktrees/b8e3b0e906af/01KXF3EBXC00B6ZS69VCQBAJA8/install/rosbag2_storage_mcap/lib'
[16.815s] Level 1:colcon.colcon_core.shell:create_environment_hook('rosbag2_storage_mcap', 'ld_library_path_lib')
[16.815s] INFO:colcon.colcon_core.shell:Creating environment hook '/home/fmt/.no-mistakes/worktrees/b8e3b0e906af/01KXF3EBXC00B6ZS69VCQBAJA8/install/rosbag2_storage_mcap/share/rosbag2_storage_mcap/hook/ld_library_path_lib.ps1'
[16.815s] INFO:colcon.colcon_core.shell:Creating environment descriptor '/home/fmt/.no-mistakes/worktrees/b8e3b0e906af/01KXF3EBXC00B6ZS69VCQBAJA8/install/rosbag2_storage_mcap/share/rosbag2_storage_mcap/hook/ld_library_path_lib.dsv'
[16.815s] INFO:colcon.colcon_core.shell:Creating environment hook '/home/fmt/.no-mistakes/worktrees/b8e3b0e906af/01KXF3EBXC00B6ZS69VCQBAJA8/install/rosbag2_storage_mcap/share/rosbag2_storage_mcap/hook/ld_library_path_lib.sh'
[16.815s] Level 1:colcon.colcon_core.environment:checking '/home/fmt/.no-mistakes/worktrees/b8e3b0e906af/01KXF3EBXC00B6ZS69VCQBAJA8/install/rosbag2_storage_mcap/bin'
[16.815s] Level 1:colcon.colcon_core.environment:checking '/home/fmt/.no-mistakes/worktrees/b8e3b0e906af/01KXF3EBXC00B6ZS69VCQBAJA8/install/rosbag2_storage_mcap/lib/pkgconfig/rosbag2_storage_mcap.pc'
[16.815s] Level 1:colcon.colcon_core.environment:checking '/home/fmt/.no-mistakes/worktrees/b8e3b0e906af/01KXF3EBXC00B6ZS69VCQBAJA8/install/rosbag2_storage_mcap/lib/python3.12/site-packages'
[16.815s] Level 1:colcon.colcon_core.shell:create_environment_hook('rosbag2_storage_mcap', 'pythonpath')
[16.815s] INFO:colcon.colcon_core.shell:Creating environment hook '/home/fmt/.no-mistakes/worktrees/b8e3b0e906af/01KXF3EBXC00B6ZS69VCQBAJA8/install/rosbag2_storage_mcap/share/rosbag2_storage_mcap/hook/pythonpath.ps1'
[16.816s] INFO:colcon.colcon_core.shell:Creating environment descriptor '/home/fmt/.no-mistakes/worktrees/b8e3b0e906af/01KXF3EBXC00B6ZS69VCQBAJA8/install/rosbag2_storage_mcap/share/rosbag2_storage_mcap/hook/pythonpath.dsv'
[16.816s] INFO:colcon.colcon_core.shell:Creating environment hook '/home/fmt/.no-mistakes/worktrees/b8e3b0e906af/01KXF3EBXC00B6ZS69VCQBAJA8/install/rosbag2_storage_mcap/share/rosbag2_storage_mcap/hook/pythonpath.sh'
[16.816s] Level 1:colcon.colcon_core.environment:checking '/home/fmt/.no-mistakes/worktrees/b8e3b0e906af/01KXF3EBXC00B6ZS69VCQBAJA8/install/rosbag2_storage_mcap/bin'
[16.816s] INFO:colcon.colcon_core.shell:Creating package script '/home/fmt/.no-mistakes/worktrees/b8e3b0e906af/01KXF3EBXC00B6ZS69VCQBAJA8/install/rosbag2_storage_mcap/share/rosbag2_storage_mcap/package.ps1'
[16.816s] INFO:colcon.colcon_core.shell:Creating package descriptor '/home/fmt/.no-mistakes/worktrees/b8e3b0e906af/01KXF3EBXC00B6ZS69VCQBAJA8/install/rosbag2_storage_mcap/share/rosbag2_storage_mcap/package.dsv'
[16.817s] INFO:colcon.colcon_core.shell:Creating package script '/home/fmt/.no-mistakes/worktrees/b8e3b0e906af/01KXF3EBXC00B6ZS69VCQBAJA8/install/rosbag2_storage_mcap/share/rosbag2_storage_mcap/package.sh'
[16.817s] INFO:colcon.colcon_core.shell:Creating package script '/home/fmt/.no-mistakes/worktrees/b8e3b0e906af/01KXF3EBXC00B6ZS69VCQBAJA8/install/rosbag2_storage_mcap/share/rosbag2_storage_mcap/package.bash'
[16.817s] INFO:colcon.colcon_core.shell:Creating package script '/home/fmt/.no-mistakes/worktrees/b8e3b0e906af/01KXF3EBXC00B6ZS69VCQBAJA8/install/rosbag2_storage_mcap/share/rosbag2_storage_mcap/package.zsh'
[16.817s] Level 1:colcon.colcon_core.environment:create_file_with_runtime_dependencies(/home/fmt/.no-mistakes/worktrees/b8e3b0e906af/01KXF3EBXC00B6ZS69VCQBAJA8/install/rosbag2_storage_mcap/share/colcon-core/packages/rosbag2_storage_mcap)
[17.091s] DEBUG:colcon.colcon_core.event_handler.log_command:Invoked command in '/home/fmt/.no-mistakes/worktrees/b8e3b0e906af/01KXF3EBXC00B6ZS69VCQBAJA8/build/rosbag2_storage_sqlite3' returned '0': AMENT_PREFIX_PATH=/home/fmt/.no-mistakes/worktrees/b8e3b0e906af/01KXF3EBXC00B6ZS69VCQBAJA8/install/rosbag2_storage:/home/fmt/.no-mistakes/worktrees/b8e3b0e906af/01KXF3EBXC00B6ZS69VCQBAJA8/install/sqlite3_vendor:/home/fmt/.no-mistakes/worktrees/b8e3b0e906af/01KXF3EBXC00B6ZS69VCQBAJA8/install/rosbag2_test_common:${AMENT_PREFIX_PATH} CMAKE_PREFIX_PATH=/home/fmt/.no-mistakes/worktrees/b8e3b0e906af/01KXF3EBXC00B6ZS69VCQBAJA8/install/rosbag2_storage:/home/fmt/.no-mistakes/worktrees/b8e3b0e906af/01KXF3EBXC00B6ZS69VCQBAJA8/install/sqlite3_vendor:/home/fmt/.no-mistakes/worktrees/b8e3b0e906af/01KXF3EBXC00B6ZS69VCQBAJA8/install/rosbag2_test_common:/opt/intel/oneapi/tbb/2023.0/env/..:/opt/intel/oneapi/dpl/2022.12/lib/cmake/oneDPL:/opt/intel/oneapi/compiler/2026.0:/opt/ros/jazzy/opt/gz_sim_vendor:/opt/ros/jazzy/opt/gz_sensors_vendor:/opt/ros/jazzy/opt/gz_physics_vendor:/opt/ros/jazzy/opt/sdformat_vendor:/opt/ros/jazzy/opt/gz_gui_vendor:/opt/ros/jazzy/opt/gz_transport_vendor:/opt/ros/jazzy/opt/gz_rendering_vendor:/opt/ros/jazzy/opt/gz_plugin_vendor:/opt/ros/jazzy/opt/gz_fuel_tools_vendor:/opt/ros/jazzy/opt/gz_msgs_vendor:/opt/ros/jazzy/opt/gz_common_vendor:/opt/ros/jazzy/opt/gz_math_vendor:/opt/ros/jazzy/opt/gz_utils_vendor:/opt/ros/jazzy/opt/gz_tools_vendor:/opt/ros/jazzy/opt/gz_ogre_next_vendor:/opt/ros/jazzy/opt/gz_dartsim_vendor:/opt/ros/jazzy/opt/gz_cmake_vendor:/opt/ros/jazzy DEBUGINFOD_URLS=https://debuginfod.ubuntu.com LD_LIBRARY_PATH=/home/fmt/.no-mistakes/worktrees/b8e3b0e906af/01KXF3EBXC00B6ZS69VCQBAJA8/install/rosbag2_storage/lib:${LD_LIBRARY_PATH} PYTHONPATH=/home/fmt/.no-mistakes/worktrees/b8e3b0e906af/01KXF3EBXC00B6ZS69VCQBAJA8/install/rosbag2_test_common/lib/python3.12/site-packages:${PYTHONPATH} /usr/bin/cmake --build /home/fmt/.no-mistakes/worktrees/b8e3b0e906af/01KXF3EBXC00B6ZS69VCQBAJA8/build/rosbag2_storage_sqlite3 -- -j20 -l20
[17.092s] DEBUG:colcon.colcon_core.event_handler.log_command:Invoking command in '/home/fmt/.no-mistakes/worktrees/b8e3b0e906af/01KXF3EBXC00B6ZS69VCQBAJA8/build/rosbag2_storage_sqlite3': AMENT_PREFIX_PATH=/home/fmt/.no-mistakes/worktrees/b8e3b0e906af/01KXF3EBXC00B6ZS69VCQBAJA8/install/rosbag2_storage:/home/fmt/.no-mistakes/worktrees/b8e3b0e906af/01KXF3EBXC00B6ZS69VCQBAJA8/install/sqlite3_vendor:/home/fmt/.no-mistakes/worktrees/b8e3b0e906af/01KXF3EBXC00B6ZS69VCQBAJA8/install/rosbag2_test_common:${AMENT_PREFIX_PATH} CMAKE_PREFIX_PATH=/home/fmt/.no-mistakes/worktrees/b8e3b0e906af/01KXF3EBXC00B6ZS69VCQBAJA8/install/rosbag2_storage:/home/fmt/.no-mistakes/worktrees/b8e3b0e906af/01KXF3EBXC00B6ZS69VCQBAJA8/install/sqlite3_vendor:/home/fmt/.no-mistakes/worktrees/b8e3b0e906af/01KXF3EBXC00B6ZS69VCQBAJA8/install/rosbag2_test_common:/opt/intel/oneapi/tbb/2023.0/env/..:/opt/intel/oneapi/dpl/2022.12/lib/cmake/oneDPL:/opt/intel/oneapi/compiler/2026.0:/opt/ros/jazzy/opt/gz_sim_vendor:/opt/ros/jazzy/opt/gz_sensors_vendor:/opt/ros/jazzy/opt/gz_physics_vendor:/opt/ros/jazzy/opt/sdformat_vendor:/opt/ros/jazzy/opt/gz_gui_vendor:/opt/ros/jazzy/opt/gz_transport_vendor:/opt/ros/jazzy/opt/gz_rendering_vendor:/opt/ros/jazzy/opt/gz_plugin_vendor:/opt/ros/jazzy/opt/gz_fuel_tools_vendor:/opt/ros/jazzy/opt/gz_msgs_vendor:/opt/ros/jazzy/opt/gz_common_vendor:/opt/ros/jazzy/opt/gz_math_vendor:/opt/ros/jazzy/opt/gz_utils_vendor:/opt/ros/jazzy/opt/gz_tools_vendor:/opt/ros/jazzy/opt/gz_ogre_next_vendor:/opt/ros/jazzy/opt/gz_dartsim_vendor:/opt/ros/jazzy/opt/gz_cmake_vendor:/opt/ros/jazzy DEBUGINFOD_URLS=https://debuginfod.ubuntu.com LD_LIBRARY_PATH=/home/fmt/.no-mistakes/worktrees/b8e3b0e906af/01KXF3EBXC00B6ZS69VCQBAJA8/install/rosbag2_storage/lib:${LD_LIBRARY_PATH} PYTHONPATH=/home/fmt/.no-mistakes/worktrees/b8e3b0e906af/01KXF3EBXC00B6ZS69VCQBAJA8/install/rosbag2_test_common/lib/python3.12/site-packages:${PYTHONPATH} /usr/bin/cmake --install /home/fmt/.no-mistakes/worktrees/b8e3b0e906af/01KXF3EBXC00B6ZS69VCQBAJA8/build/rosbag2_storage_sqlite3
[17.123s] Level 1:colcon.colcon_core.environment:create_environment_scripts_only(rosbag2_storage_sqlite3)
[17.123s] Level 1:colcon.colcon_core.environment:checking '/home/fmt/.no-mistakes/worktrees/b8e3b0e906af/01KXF3EBXC00B6ZS69VCQBAJA8/install/rosbag2_storage_sqlite3' for CMake module files
[17.123s] DEBUG:colcon.colcon_core.event_handler.log_command:Invoked command in '/home/fmt/.no-mistakes/worktrees/b8e3b0e906af/01KXF3EBXC00B6ZS69VCQBAJA8/build/rosbag2_storage_sqlite3' returned '0': AMENT_PREFIX_PATH=/home/fmt/.no-mistakes/worktrees/b8e3b0e906af/01KXF3EBXC00B6ZS69VCQBAJA8/install/rosbag2_storage:/home/fmt/.no-mistakes/worktrees/b8e3b0e906af/01KXF3EBXC00B6ZS69VCQBAJA8/install/sqlite3_vendor:/home/fmt/.no-mistakes/worktrees/b8e3b0e906af/01KXF3EBXC00B6ZS69VCQBAJA8/install/rosbag2_test_common:${AMENT_PREFIX_PATH} CMAKE_PREFIX_PATH=/home/fmt/.no-mistakes/worktrees/b8e3b0e906af/01KXF3EBXC00B6ZS69VCQBAJA8/install/rosbag2_storage:/home/fmt/.no-mistakes/worktrees/b8e3b0e906af/01KXF3EBXC00B6ZS69VCQBAJA8/install/sqlite3_vendor:/home/fmt/.no-mistakes/worktrees/b8e3b0e906af/01KXF3EBXC00B6ZS69VCQBAJA8/install/rosbag2_test_common:/opt/intel/oneapi/tbb/2023.0/env/..:/opt/intel/oneapi/dpl/2022.12/lib/cmake/oneDPL:/opt/intel/oneapi/compiler/2026.0:/opt/ros/jazzy/opt/gz_sim_vendor:/opt/ros/jazzy/opt/gz_sensors_vendor:/opt/ros/jazzy/opt/gz_physics_vendor:/opt/ros/jazzy/opt/sdformat_vendor:/opt/ros/jazzy/opt/gz_gui_vendor:/opt/ros/jazzy/opt/gz_transport_vendor:/opt/ros/jazzy/opt/gz_rendering_vendor:/opt/ros/jazzy/opt/gz_plugin_vendor:/opt/ros/jazzy/opt/gz_fuel_tools_vendor:/opt/ros/jazzy/opt/gz_msgs_vendor:/opt/ros/jazzy/opt/gz_common_vendor:/opt/ros/jazzy/opt/gz_math_vendor:/opt/ros/jazzy/opt/gz_utils_vendor:/opt/ros/jazzy/opt/gz_tools_vendor:/opt/ros/jazzy/opt/gz_ogre_next_vendor:/opt/ros/jazzy/opt/gz_dartsim_vendor:/opt/ros/jazzy/opt/gz_cmake_vendor:/opt/ros/jazzy DEBUGINFOD_URLS=https://debuginfod.ubuntu.com LD_LIBRARY_PATH=/home/fmt/.no-mistakes/worktrees/b8e3b0e906af/01KXF3EBXC00B6ZS69VCQBAJA8/install/rosbag2_storage/lib:${LD_LIBRARY_PATH} PYTHONPATH=/home/fmt/.no-mistakes/worktrees/b8e3b0e906af/01KXF3EBXC00B6ZS69VCQBAJA8/install/rosbag2_test_common/lib/python3.12/site-packages:${PYTHONPATH} /usr/bin/cmake --install /home/fmt/.no-mistakes/worktrees/b8e3b0e906af/01KXF3EBXC00B6ZS69VCQBAJA8/build/rosbag2_storage_sqlite3
[17.123s] Level 1:colcon.colcon_core.environment:checking '/home/fmt/.no-mistakes/worktrees/b8e3b0e906af/01KXF3EBXC00B6ZS69VCQBAJA8/install/rosbag2_storage_sqlite3' for CMake config files
[17.123s] Level 1:colcon.colcon_core.shell:create_environment_hook('rosbag2_storage_sqlite3', 'cmake_prefix_path')
[17.124s] INFO:colcon.colcon_core.shell:Creating environment hook '/home/fmt/.no-mistakes/worktrees/b8e3b0e906af/01KXF3EBXC00B6ZS69VCQBAJA8/install/rosbag2_storage_sqlite3/share/rosbag2_storage_sqlite3/hook/cmake_prefix_path.ps1'
[17.124s] INFO:colcon.colcon_core.shell:Creating environment descriptor '/home/fmt/.no-mistakes/worktrees/b8e3b0e906af/01KXF3EBXC00B6ZS69VCQBAJA8/install/rosbag2_storage_sqlite3/share/rosbag2_storage_sqlite3/hook/cmake_prefix_path.dsv'
[17.124s] INFO:colcon.colcon_core.shell:Creating environment hook '/home/fmt/.no-mistakes/worktrees/b8e3b0e906af/01KXF3EBXC00B6ZS69VCQBAJA8/install/rosbag2_storage_sqlite3/share/rosbag2_storage_sqlite3/hook/cmake_prefix_path.sh'
[17.124s] Level 1:colcon.colcon_core.environment:checking '/home/fmt/.no-mistakes/worktrees/b8e3b0e906af/01KXF3EBXC00B6ZS69VCQBAJA8/install/rosbag2_storage_sqlite3/lib'
[17.124s] Level 1:colcon.colcon_core.shell:create_environment_hook('rosbag2_storage_sqlite3', 'ld_library_path_lib')
[17.124s] INFO:colcon.colcon_core.shell:Creating environment hook '/home/fmt/.no-mistakes/worktrees/b8e3b0e906af/01KXF3EBXC00B6ZS69VCQBAJA8/install/rosbag2_storage_sqlite3/share/rosbag2_storage_sqlite3/hook/ld_library_path_lib.ps1'
[17.124s] INFO:colcon.colcon_core.shell:Creating environment descriptor '/home/fmt/.no-mistakes/worktrees/b8e3b0e906af/01KXF3EBXC00B6ZS69VCQBAJA8/install/rosbag2_storage_sqlite3/share/rosbag2_storage_sqlite3/hook/ld_library_path_lib.dsv'
[17.125s] INFO:colcon.colcon_core.shell:Creating environment hook '/home/fmt/.no-mistakes/worktrees/b8e3b0e906af/01KXF3EBXC00B6ZS69VCQBAJA8/install/rosbag2_storage_sqlite3/share/rosbag2_storage_sqlite3/hook/ld_library_path_lib.sh'
[17.125s] Level 1:colcon.colcon_core.environment:checking '/home/fmt/.no-mistakes/worktrees/b8e3b0e906af/01KXF3EBXC00B6ZS69VCQBAJA8/install/rosbag2_storage_sqlite3/bin'
[17.125s] Level 1:colcon.colcon_core.environment:checking '/home/fmt/.no-mistakes/worktrees/b8e3b0e906af/01KXF3EBXC00B6ZS69VCQBAJA8/install/rosbag2_storage_sqlite3/lib/pkgconfig/rosbag2_storage_sqlite3.pc'
[17.125s] Level 1:colcon.colcon_core.environment:checking '/home/fmt/.no-mistakes/worktrees/b8e3b0e906af/01KXF3EBXC00B6ZS69VCQBAJA8/install/rosbag2_storage_sqlite3/lib/python3.12/site-packages'
[17.125s] Level 1:colcon.colcon_core.shell:create_environment_hook('rosbag2_storage_sqlite3', 'pythonpath')
[17.125s] INFO:colcon.colcon_core.shell:Creating environment hook '/home/fmt/.no-mistakes/worktrees/b8e3b0e906af/01KXF3EBXC00B6ZS69VCQBAJA8/install/rosbag2_storage_sqlite3/share/rosbag2_storage_sqlite3/hook/pythonpath.ps1'
[17.125s] INFO:colcon.colcon_core.shell:Creating environment descriptor '/home/fmt/.no-mistakes/worktrees/b8e3b0e906af/01KXF3EBXC00B6ZS69VCQBAJA8/install/rosbag2_storage_sqlite3/share/rosbag2_storage_sqlite3/hook/pythonpath.dsv'
[17.125s] INFO:colcon.colcon_core.shell:Creating environment hook '/home/fmt/.no-mistakes/worktrees/b8e3b0e906af/01KXF3EBXC00B6ZS69VCQBAJA8/install/rosbag2_storage_sqlite3/share/rosbag2_storage_sqlite3/hook/pythonpath.sh'
[17.126s] Level 1:colcon.colcon_core.environment:checking '/home/fmt/.no-mistakes/worktrees/b8e3b0e906af/01KXF3EBXC00B6ZS69VCQBAJA8/install/rosbag2_storage_sqlite3/bin'
[17.126s] INFO:colcon.colcon_core.shell:Creating package script '/home/fmt/.no-mistakes/worktrees/b8e3b0e906af/01KXF3EBXC00B6ZS69VCQBAJA8/install/rosbag2_storage_sqlite3/share/rosbag2_storage_sqlite3/package.ps1'
[17.126s] INFO:colcon.colcon_core.shell:Creating package descriptor '/home/fmt/.no-mistakes/worktrees/b8e3b0e906af/01KXF3EBXC00B6ZS69VCQBAJA8/install/rosbag2_storage_sqlite3/share/rosbag2_storage_sqlite3/package.dsv'
[17.126s] INFO:colcon.colcon_core.shell:Creating package script '/home/fmt/.no-mistakes/worktrees/b8e3b0e906af/01KXF3EBXC00B6ZS69VCQBAJA8/install/rosbag2_storage_sqlite3/share/rosbag2_storage_sqlite3/package.sh'
[17.126s] INFO:colcon.colcon_core.shell:Creating package script '/home/fmt/.no-mistakes/worktrees/b8e3b0e906af/01KXF3EBXC00B6ZS69VCQBAJA8/install/rosbag2_storage_sqlite3/share/rosbag2_storage_sqlite3/package.bash'
[17.127s] INFO:colcon.colcon_core.shell:Creating package script '/home/fmt/.no-mistakes/worktrees/b8e3b0e906af/01KXF3EBXC00B6ZS69VCQBAJA8/install/rosbag2_storage_sqlite3/share/rosbag2_storage_sqlite3/package.zsh'
[17.127s] Level 1:colcon.colcon_core.environment:create_file_with_runtime_dependencies(/home/fmt/.no-mistakes/worktrees/b8e3b0e906af/01KXF3EBXC00B6ZS69VCQBAJA8/install/rosbag2_storage_sqlite3/share/colcon-core/packages/rosbag2_storage_sqlite3)
[17.127s] Level 1:colcon.colcon_core.environment:create_environment_scripts_only(rosbag2_storage_sqlite3)
[17.127s] Level 1:colcon.colcon_core.environment:checking '/home/fmt/.no-mistakes/worktrees/b8e3b0e906af/01KXF3EBXC00B6ZS69VCQBAJA8/install/rosbag2_storage_sqlite3' for CMake module files
[17.127s] Level 1:colcon.colcon_core.environment:checking '/home/fmt/.no-mistakes/worktrees/b8e3b0e906af/01KXF3EBXC00B6ZS69VCQBAJA8/install/rosbag2_storage_sqlite3' for CMake config files
[17.127s] Level 1:colcon.colcon_core.shell:create_environment_hook('rosbag2_storage_sqlite3', 'cmake_prefix_path')
[17.127s] INFO:colcon.colcon_core.shell:Creating environment hook '/home/fmt/.no-mistakes/worktrees/b8e3b0e906af/01KXF3EBXC00B6ZS69VCQBAJA8/install/rosbag2_storage_sqlite3/share/rosbag2_storage_sqlite3/hook/cmake_prefix_path.ps1'
[17.128s] INFO:colcon.colcon_core.shell:Creating environment descriptor '/home/fmt/.no-mistakes/worktrees/b8e3b0e906af/01KXF3EBXC00B6ZS69VCQBAJA8/install/rosbag2_storage_sqlite3/share/rosbag2_storage_sqlite3/hook/cmake_prefix_path.dsv'
[17.128s] INFO:colcon.colcon_core.shell:Creating environment hook '/home/fmt/.no-mistakes/worktrees/b8e3b0e906af/01KXF3EBXC00B6ZS69VCQBAJA8/install/rosbag2_storage_sqlite3/share/rosbag2_storage_sqlite3/hook/cmake_prefix_path.sh'
[17.128s] Level 1:colcon.colcon_core.environment:checking '/home/fmt/.no-mistakes/worktrees/b8e3b0e906af/01KXF3EBXC00B6ZS69VCQBAJA8/install/rosbag2_storage_sqlite3/lib'
[17.128s] Level 1:colcon.colcon_core.shell:create_environment_hook('rosbag2_storage_sqlite3', 'ld_library_path_lib')
[17.128s] INFO:colcon.colcon_core.shell:Creating environment hook '/home/fmt/.no-mistakes/worktrees/b8e3b0e906af/01KXF3EBXC00B6ZS69VCQBAJA8/install/rosbag2_storage_sqlite3/share/rosbag2_storage_sqlite3/hook/ld_library_path_lib.ps1'
[17.128s] INFO:colcon.colcon_core.shell:Creating environment descriptor '/home/fmt/.no-mistakes/worktrees/b8e3b0e906af/01KXF3EBXC00B6ZS69VCQBAJA8/install/rosbag2_storage_sqlite3/share/rosbag2_storage_sqlite3/hook/ld_library_path_lib.dsv'
[17.128s] INFO:colcon.colcon_core.shell:Creating environment hook '/home/fmt/.no-mistakes/worktrees/b8e3b0e906af/01KXF3EBXC00B6ZS69VCQBAJA8/install/rosbag2_storage_sqlite3/share/rosbag2_storage_sqlite3/hook/ld_library_path_lib.sh'
[17.129s] Level 1:colcon.colcon_core.environment:checking '/home/fmt/.no-mistakes/worktrees/b8e3b0e906af/01KXF3EBXC00B6ZS69VCQBAJA8/install/rosbag2_storage_sqlite3/bin'
[17.129s] Level 1:colcon.colcon_core.environment:checking '/home/fmt/.no-mistakes/worktrees/b8e3b0e906af/01KXF3EBXC00B6ZS69VCQBAJA8/install/rosbag2_storage_sqlite3/lib/pkgconfig/rosbag2_storage_sqlite3.pc'
[17.129s] Level 1:colcon.colcon_core.environment:checking '/home/fmt/.no-mistakes/worktrees/b8e3b0e906af/01KXF3EBXC00B6ZS69VCQBAJA8/install/rosbag2_storage_sqlite3/lib/python3.12/site-packages'
[17.129s] Level 1:colcon.colcon_core.shell:create_environment_hook('rosbag2_storage_sqlite3', 'pythonpath')
[17.129s] INFO:colcon.colcon_core.shell:Creating environment hook '/home/fmt/.no-mistakes/worktrees/b8e3b0e906af/01KXF3EBXC00B6ZS69VCQBAJA8/install/rosbag2_storage_sqlite3/share/rosbag2_storage_sqlite3/hook/pythonpath.ps1'
[17.129s] INFO:colcon.colcon_core.shell:Creating environment descriptor '/home/fmt/.no-mistakes/worktrees/b8e3b0e906af/01KXF3EBXC00B6ZS69VCQBAJA8/install/rosbag2_storage_sqlite3/share/rosbag2_storage_sqlite3/hook/pythonpath.dsv'
[17.129s] INFO:colcon.colcon_core.shell:Creating environment hook '/home/fmt/.no-mistakes/worktrees/b8e3b0e906af/01KXF3EBXC00B6ZS69VCQBAJA8/install/rosbag2_storage_sqlite3/share/rosbag2_storage_sqlite3/hook/pythonpath.sh'
[17.129s] Level 1:colcon.colcon_core.environment:checking '/home/fmt/.no-mistakes/worktrees/b8e3b0e906af/01KXF3EBXC00B6ZS69VCQBAJA8/install/rosbag2_storage_sqlite3/bin'
[17.130s] INFO:colcon.colcon_core.shell:Creating package script '/home/fmt/.no-mistakes/worktrees/b8e3b0e906af/01KXF3EBXC00B6ZS69VCQBAJA8/install/rosbag2_storage_sqlite3/share/rosbag2_storage_sqlite3/package.ps1'
[17.130s] INFO:colcon.colcon_core.shell:Creating package descriptor '/home/fmt/.no-mistakes/worktrees/b8e3b0e906af/01KXF3EBXC00B6ZS69VCQBAJA8/install/rosbag2_storage_sqlite3/share/rosbag2_storage_sqlite3/package.dsv'
[17.130s] INFO:colcon.colcon_core.shell:Creating package script '/home/fmt/.no-mistakes/worktrees/b8e3b0e906af/01KXF3EBXC00B6ZS69VCQBAJA8/install/rosbag2_storage_sqlite3/share/rosbag2_storage_sqlite3/package.sh'
[17.130s] INFO:colcon.colcon_core.shell:Creating package script '/home/fmt/.no-mistakes/worktrees/b8e3b0e906af/01KXF3EBXC00B6ZS69VCQBAJA8/install/rosbag2_storage_sqlite3/share/rosbag2_storage_sqlite3/package.bash'
[17.131s] INFO:colcon.colcon_core.shell:Creating package script '/home/fmt/.no-mistakes/worktrees/b8e3b0e906af/01KXF3EBXC00B6ZS69VCQBAJA8/install/rosbag2_storage_sqlite3/share/rosbag2_storage_sqlite3/package.zsh'
[17.131s] Level 1:colcon.colcon_core.environment:create_file_with_runtime_dependencies(/home/fmt/.no-mistakes/worktrees/b8e3b0e906af/01KXF3EBXC00B6ZS69VCQBAJA8/install/rosbag2_storage_sqlite3/share/colcon-core/packages/rosbag2_storage_sqlite3)
[17.131s] INFO:colcon.colcon_ros.task.ament_cmake.build:Building ROS package in '/home/fmt/.no-mistakes/worktrees/b8e3b0e906af/01KXF3EBXC00B6ZS69VCQBAJA8/rosbag2_storage_default_plugins' with build type 'ament_cmake'
[17.131s] INFO:colcon.colcon_cmake.task.cmake.build:Building CMake package in '/home/fmt/.no-mistakes/worktrees/b8e3b0e906af/01KXF3EBXC00B6ZS69VCQBAJA8/rosbag2_storage_default_plugins'
[17.131s] INFO:colcon.colcon_core.shell:Skip shell extension 'powershell' for command environment: Not usable outside of PowerShell
[17.131s] DEBUG:colcon.colcon_core.shell:Skip shell extension 'dsv' for command environment
[17.145s] DEBUG:colcon.colcon_core.event_handler.log_command:Invoking command in '/home/fmt/.no-mistakes/worktrees/b8e3b0e906af/01KXF3EBXC00B6ZS69VCQBAJA8/build/rosbag2_storage_default_plugins': AMENT_PREFIX_PATH=/home/fmt/.no-mistakes/worktrees/b8e3b0e906af/01KXF3EBXC00B6ZS69VCQBAJA8/install/rosbag2_storage_sqlite3:/home/fmt/.no-mistakes/worktrees/b8e3b0e906af/01KXF3EBXC00B6ZS69VCQBAJA8/install/rosbag2_storage_mcap:/home/fmt/.no-mistakes/worktrees/b8e3b0e906af/01KXF3EBXC00B6ZS69VCQBAJA8/install/rosbag2_storage:/home/fmt/.no-mistakes/worktrees/b8e3b0e906af/01KXF3EBXC00B6ZS69VCQBAJA8/install/mcap_vendor:/home/fmt/.no-mistakes/worktrees/b8e3b0e906af/01KXF3EBXC00B6ZS69VCQBAJA8/install/zstd_vendor:/home/fmt/.no-mistakes/worktrees/b8e3b0e906af/01KXF3EBXC00B6ZS69VCQBAJA8/install/sqlite3_vendor:/home/fmt/.no-mistakes/worktrees/b8e3b0e906af/01KXF3EBXC00B6ZS69VCQBAJA8/install/rosbag2_test_common:/home/fmt/.no-mistakes/worktrees/b8e3b0e906af/01KXF3EBXC00B6ZS69VCQBAJA8/install/liblz4_vendor:${AMENT_PREFIX_PATH} CMAKE_PREFIX_PATH=/home/fmt/.no-mistakes/worktrees/b8e3b0e906af/01KXF3EBXC00B6ZS69VCQBAJA8/install/rosbag2_storage_sqlite3:/home/fmt/.no-mistakes/worktrees/b8e3b0e906af/01KXF3EBXC00B6ZS69VCQBAJA8/install/rosbag2_storage_mcap:/home/fmt/.no-mistakes/worktrees/b8e3b0e906af/01KXF3EBXC00B6ZS69VCQBAJA8/install/rosbag2_storage:/home/fmt/.no-mistakes/worktrees/b8e3b0e906af/01KXF3EBXC00B6ZS69VCQBAJA8/install/mcap_vendor:/home/fmt/.no-mistakes/worktrees/b8e3b0e906af/01KXF3EBXC00B6ZS69VCQBAJA8/install/zstd_vendor:/home/fmt/.no-mistakes/worktrees/b8e3b0e906af/01KXF3EBXC00B6ZS69VCQBAJA8/install/sqlite3_vendor:/home/fmt/.no-mistakes/worktrees/b8e3b0e906af/01KXF3EBXC00B6ZS69VCQBAJA8/install/rosbag2_test_common:/home/fmt/.no-mistakes/worktrees/b8e3b0e906af/01KXF3EBXC00B6ZS69VCQBAJA8/install/liblz4_vendor:/opt/intel/oneapi/tbb/2023.0/env/..:/opt/intel/oneapi/dpl/2022.12/lib/cmake/oneDPL:/opt/intel/oneapi/compiler/2026.0:/opt/ros/jazzy/opt/gz_sim_vendor:/opt/ros/jazzy/opt/gz_sensors_vendor:/opt/ros/jazzy/opt/gz_physics_vendor:/opt/ros/jazzy/opt/sdformat_vendor:/opt/ros/jazzy/opt/gz_gui_vendor:/opt/ros/jazzy/opt/gz_transport_vendor:/opt/ros/jazzy/opt/gz_rendering_vendor:/opt/ros/jazzy/opt/gz_plugin_vendor:/opt/ros/jazzy/opt/gz_fuel_tools_vendor:/opt/ros/jazzy/opt/gz_msgs_vendor:/opt/ros/jazzy/opt/gz_common_vendor:/opt/ros/jazzy/opt/gz_math_vendor:/opt/ros/jazzy/opt/gz_utils_vendor:/opt/ros/jazzy/opt/gz_tools_vendor:/opt/ros/jazzy/opt/gz_ogre_next_vendor:/opt/ros/jazzy/opt/gz_dartsim_vendor:/opt/ros/jazzy/opt/gz_cmake_vendor:/opt/ros/jazzy DEBUGINFOD_URLS=https://debuginfod.ubuntu.com LD_LIBRARY_PATH=/home/fmt/.no-mistakes/worktrees/b8e3b0e906af/01KXF3EBXC00B6ZS69VCQBAJA8/install/rosbag2_storage_sqlite3/lib:/home/fmt/.no-mistakes/worktrees/b8e3b0e906af/01KXF3EBXC00B6ZS69VCQBAJA8/install/rosbag2_storage_mcap/lib:/home/fmt/.no-mistakes/worktrees/b8e3b0e906af/01KXF3EBXC00B6ZS69VCQBAJA8/install/rosbag2_storage/lib:/home/fmt/.no-mistakes/worktrees/b8e3b0e906af/01KXF3EBXC00B6ZS69VCQBAJA8/install/mcap_vendor/lib:${LD_LIBRARY_PATH} PYTHONPATH=/home/fmt/.no-mistakes/worktrees/b8e3b0e906af/01KXF3EBXC00B6ZS69VCQBAJA8/install/rosbag2_storage_sqlite3/lib/python3.12/site-packages:/home/fmt/.no-mistakes/worktrees/b8e3b0e906af/01KXF3EBXC00B6ZS69VCQBAJA8/install/rosbag2_storage_mcap/lib/python3.12/site-packages:/home/fmt/.no-mistakes/worktrees/b8e3b0e906af/01KXF3EBXC00B6ZS69VCQBAJA8/install/rosbag2_test_common/lib/python3.12/site-packages:${PYTHONPATH} /usr/bin/cmake /home/fmt/.no-mistakes/worktrees/b8e3b0e906af/01KXF3EBXC00B6ZS69VCQBAJA8/rosbag2_storage_default_plugins -DCMAKE_BUILD_TYPE=Release -DCMAKE_INSTALL_PREFIX=/home/fmt/.no-mistakes/worktrees/b8e3b0e906af/01KXF3EBXC00B6ZS69VCQBAJA8/install/rosbag2_storage_default_plugins
[17.553s] DEBUG:colcon.colcon_core.event_handler.log_command:Invoked command in '/home/fmt/.no-mistakes/worktrees/b8e3b0e906af/01KXF3EBXC00B6ZS69VCQBAJA8/build/rosbag2_storage_default_plugins' returned '0': AMENT_PREFIX_PATH=/home/fmt/.no-mistakes/worktrees/b8e3b0e906af/01KXF3EBXC00B6ZS69VCQBAJA8/install/rosbag2_storage_sqlite3:/home/fmt/.no-mistakes/worktrees/b8e3b0e906af/01KXF3EBXC00B6ZS69VCQBAJA8/install/rosbag2_storage_mcap:/home/fmt/.no-mistakes/worktrees/b8e3b0e906af/01KXF3EBXC00B6ZS69VCQBAJA8/install/rosbag2_storage:/home/fmt/.no-mistakes/worktrees/b8e3b0e906af/01KXF3EBXC00B6ZS69VCQBAJA8/install/mcap_vendor:/home/fmt/.no-mistakes/worktrees/b8e3b0e906af/01KXF3EBXC00B6ZS69VCQBAJA8/install/zstd_vendor:/home/fmt/.no-mistakes/worktrees/b8e3b0e906af/01KXF3EBXC00B6ZS69VCQBAJA8/install/sqlite3_vendor:/home/fmt/.no-mistakes/worktrees/b8e3b0e906af/01KXF3EBXC00B6ZS69VCQBAJA8/install/rosbag2_test_common:/home/fmt/.no-mistakes/worktrees/b8e3b0e906af/01KXF3EBXC00B6ZS69VCQBAJA8/install/liblz4_vendor:${AMENT_PREFIX_PATH} CMAKE_PREFIX_PATH=/home/fmt/.no-mistakes/worktrees/b8e3b0e906af/01KXF3EBXC00B6ZS69VCQBAJA8/install/rosbag2_storage_sqlite3:/home/fmt/.no-mistakes/worktrees/b8e3b0e906af/01KXF3EBXC00B6ZS69VCQBAJA8/install/rosbag2_storage_mcap:/home/fmt/.no-mistakes/worktrees/b8e3b0e906af/01KXF3EBXC00B6ZS69VCQBAJA8/install/rosbag2_storage:/home/fmt/.no-mistakes/worktrees/b8e3b0e906af/01KXF3EBXC00B6ZS69VCQBAJA8/install/mcap_vendor:/home/fmt/.no-mistakes/worktrees/b8e3b0e906af/01KXF3EBXC00B6ZS69VCQBAJA8/install/zstd_vendor:/home/fmt/.no-mistakes/worktrees/b8e3b0e906af/01KXF3EBXC00B6ZS69VCQBAJA8/install/sqlite3_vendor:/home/fmt/.no-mistakes/worktrees/b8e3b0e906af/01KXF3EBXC00B6ZS69VCQBAJA8/install/rosbag2_test_common:/home/fmt/.no-mistakes/worktrees/b8e3b0e906af/01KXF3EBXC00B6ZS69VCQBAJA8/install/liblz4_vendor:/opt/intel/oneapi/tbb/2023.0/env/..:/opt/intel/oneapi/dpl/2022.12/lib/cmake/oneDPL:/opt/intel/oneapi/compiler/2026.0:/opt/ros/jazzy/opt/gz_sim_vendor:/opt/ros/jazzy/opt/gz_sensors_vendor:/opt/ros/jazzy/opt/gz_physics_vendor:/opt/ros/jazzy/opt/sdformat_vendor:/opt/ros/jazzy/opt/gz_gui_vendor:/opt/ros/jazzy/opt/gz_transport_vendor:/opt/ros/jazzy/opt/gz_rendering_vendor:/opt/ros/jazzy/opt/gz_plugin_vendor:/opt/ros/jazzy/opt/gz_fuel_tools_vendor:/opt/ros/jazzy/opt/gz_msgs_vendor:/opt/ros/jazzy/opt/gz_common_vendor:/opt/ros/jazzy/opt/gz_math_vendor:/opt/ros/jazzy/opt/gz_utils_vendor:/opt/ros/jazzy/opt/gz_tools_vendor:/opt/ros/jazzy/opt/gz_ogre_next_vendor:/opt/ros/jazzy/opt/gz_dartsim_vendor:/opt/ros/jazzy/opt/gz_cmake_vendor:/opt/ros/jazzy DEBUGINFOD_URLS=https://debuginfod.ubuntu.com LD_LIBRARY_PATH=/home/fmt/.no-mistakes/worktrees/b8e3b0e906af/01KXF3EBXC00B6ZS69VCQBAJA8/install/rosbag2_storage_sqlite3/lib:/home/fmt/.no-mistakes/worktrees/b8e3b0e906af/01KXF3EBXC00B6ZS69VCQBAJA8/install/rosbag2_storage_mcap/lib:/home/fmt/.no-mistakes/worktrees/b8e3b0e906af/01KXF3EBXC00B6ZS69VCQBAJA8/install/rosbag2_storage/lib:/home/fmt/.no-mistakes/worktrees/b8e3b0e906af/01KXF3EBXC00B6ZS69VCQBAJA8/install/mcap_vendor/lib:${LD_LIBRARY_PATH} PYTHONPATH=/home/fmt/.no-mistakes/worktrees/b8e3b0e906af/01KXF3EBXC00B6ZS69VCQBAJA8/install/rosbag2_storage_sqlite3/lib/python3.12/site-packages:/home/fmt/.no-mistakes/worktrees/b8e3b0e906af/01KXF3EBXC00B6ZS69VCQBAJA8/install/rosbag2_storage_mcap/lib/python3.12/site-packages:/home/fmt/.no-mistakes/worktrees/b8e3b0e906af/01KXF3EBXC00B6ZS69VCQBAJA8/install/rosbag2_test_common/lib/python3.12/site-packages:${PYTHONPATH} /usr/bin/cmake /home/fmt/.no-mistakes/worktrees/b8e3b0e906af/01KXF3EBXC00B6ZS69VCQBAJA8/rosbag2_storage_default_plugins -DCMAKE_BUILD_TYPE=Release -DCMAKE_INSTALL_PREFIX=/home/fmt/.no-mistakes/worktrees/b8e3b0e906af/01KXF3EBXC00B6ZS69VCQBAJA8/install/rosbag2_storage_default_plugins
[17.553s] DEBUG:colcon.colcon_core.event_handler.log_command:Invoking command in '/home/fmt/.no-mistakes/worktrees/b8e3b0e906af/01KXF3EBXC00B6ZS69VCQBAJA8/build/rosbag2_storage_default_plugins': AMENT_PREFIX_PATH=/home/fmt/.no-mistakes/worktrees/b8e3b0e906af/01KXF3EBXC00B6ZS69VCQBAJA8/install/rosbag2_storage_sqlite3:/home/fmt/.no-mistakes/worktrees/b8e3b0e906af/01KXF3EBXC00B6ZS69VCQBAJA8/install/rosbag2_storage_mcap:/home/fmt/.no-mistakes/worktrees/b8e3b0e906af/01KXF3EBXC00B6ZS69VCQBAJA8/install/rosbag2_storage:/home/fmt/.no-mistakes/worktrees/b8e3b0e906af/01KXF3EBXC00B6ZS69VCQBAJA8/install/mcap_vendor:/home/fmt/.no-mistakes/worktrees/b8e3b0e906af/01KXF3EBXC00B6ZS69VCQBAJA8/install/zstd_vendor:/home/fmt/.no-mistakes/worktrees/b8e3b0e906af/01KXF3EBXC00B6ZS69VCQBAJA8/install/sqlite3_vendor:/home/fmt/.no-mistakes/worktrees/b8e3b0e906af/01KXF3EBXC00B6ZS69VCQBAJA8/install/rosbag2_test_common:/home/fmt/.no-mistakes/worktrees/b8e3b0e906af/01KXF3EBXC00B6ZS69VCQBAJA8/install/liblz4_vendor:${AMENT_PREFIX_PATH} CMAKE_PREFIX_PATH=/home/fmt/.no-mistakes/worktrees/b8e3b0e906af/01KXF3EBXC00B6ZS69VCQBAJA8/install/rosbag2_storage_sqlite3:/home/fmt/.no-mistakes/worktrees/b8e3b0e906af/01KXF3EBXC00B6ZS69VCQBAJA8/install/rosbag2_storage_mcap:/home/fmt/.no-mistakes/worktrees/b8e3b0e906af/01KXF3EBXC00B6ZS69VCQBAJA8/install/rosbag2_storage:/home/fmt/.no-mistakes/worktrees/b8e3b0e906af/01KXF3EBXC00B6ZS69VCQBAJA8/install/mcap_vendor:/home/fmt/.no-mistakes/worktrees/b8e3b0e906af/01KXF3EBXC00B6ZS69VCQBAJA8/install/zstd_vendor:/home/fmt/.no-mistakes/worktrees/b8e3b0e906af/01KXF3EBXC00B6ZS69VCQBAJA8/install/sqlite3_vendor:/home/fmt/.no-mistakes/worktrees/b8e3b0e906af/01KXF3EBXC00B6ZS69VCQBAJA8/install/rosbag2_test_common:/home/fmt/.no-mistakes/worktrees/b8e3b0e906af/01KXF3EBXC00B6ZS69VCQBAJA8/install/liblz4_vendor:/opt/intel/oneapi/tbb/2023.0/env/..:/opt/intel/oneapi/dpl/2022.12/lib/cmake/oneDPL:/opt/intel/oneapi/compiler/2026.0:/opt/ros/jazzy/opt/gz_sim_vendor:/opt/ros/jazzy/opt/gz_sensors_vendor:/opt/ros/jazzy/opt/gz_physics_vendor:/opt/ros/jazzy/opt/sdformat_vendor:/opt/ros/jazzy/opt/gz_gui_vendor:/opt/ros/jazzy/opt/gz_transport_vendor:/opt/ros/jazzy/opt/gz_rendering_vendor:/opt/ros/jazzy/opt/gz_plugin_vendor:/opt/ros/jazzy/opt/gz_fuel_tools_vendor:/opt/ros/jazzy/opt/gz_msgs_vendor:/opt/ros/jazzy/opt/gz_common_vendor:/opt/ros/jazzy/opt/gz_math_vendor:/opt/ros/jazzy/opt/gz_utils_vendor:/opt/ros/jazzy/opt/gz_tools_vendor:/opt/ros/jazzy/opt/gz_ogre_next_vendor:/opt/ros/jazzy/opt/gz_dartsim_vendor:/opt/ros/jazzy/opt/gz_cmake_vendor:/opt/ros/jazzy DEBUGINFOD_URLS=https://debuginfod.ubuntu.com LD_LIBRARY_PATH=/home/fmt/.no-mistakes/worktrees/b8e3b0e906af/01KXF3EBXC00B6ZS69VCQBAJA8/install/rosbag2_storage_sqlite3/lib:/home/fmt/.no-mistakes/worktrees/b8e3b0e906af/01KXF3EBXC00B6ZS69VCQBAJA8/install/rosbag2_storage_mcap/lib:/home/fmt/.no-mistakes/worktrees/b8e3b0e906af/01KXF3EBXC00B6ZS69VCQBAJA8/install/rosbag2_storage/lib:/home/fmt/.no-mistakes/worktrees/b8e3b0e906af/01KXF3EBXC00B6ZS69VCQBAJA8/install/mcap_vendor/lib:${LD_LIBRARY_PATH} PYTHONPATH=/home/fmt/.no-mistakes/worktrees/b8e3b0e906af/01KXF3EBXC00B6ZS69VCQBAJA8/install/rosbag2_storage_sqlite3/lib/python3.12/site-packages:/home/fmt/.no-mistakes/worktrees/b8e3b0e906af/01KXF3EBXC00B6ZS69VCQBAJA8/install/rosbag2_storage_mcap/lib/python3.12/site-packages:/home/fmt/.no-mistakes/worktrees/b8e3b0e906af/01KXF3EBXC00B6ZS69VCQBAJA8/install/rosbag2_test_common/lib/python3.12/site-packages:${PYTHONPATH} /usr/bin/cmake --build /home/fmt/.no-mistakes/worktrees/b8e3b0e906af/01KXF3EBXC00B6ZS69VCQBAJA8/build/rosbag2_storage_default_plugins -- -j20 -l20
[17.576s] DEBUG:colcon.colcon_core.event_handler.log_command:Invoked command in '/home/fmt/.no-mistakes/worktrees/b8e3b0e906af/01KXF3EBXC00B6ZS69VCQBAJA8/build/rosbag2_storage_default_plugins' returned '0': AMENT_PREFIX_PATH=/home/fmt/.no-mistakes/worktrees/b8e3b0e906af/01KXF3EBXC00B6ZS69VCQBAJA8/install/rosbag2_storage_sqlite3:/home/fmt/.no-mistakes/worktrees/b8e3b0e906af/01KXF3EBXC00B6ZS69VCQBAJA8/install/rosbag2_storage_mcap:/home/fmt/.no-mistakes/worktrees/b8e3b0e906af/01KXF3EBXC00B6ZS69VCQBAJA8/install/rosbag2_storage:/home/fmt/.no-mistakes/worktrees/b8e3b0e906af/01KXF3EBXC00B6ZS69VCQBAJA8/install/mcap_vendor:/home/fmt/.no-mistakes/worktrees/b8e3b0e906af/01KXF3EBXC00B6ZS69VCQBAJA8/install/zstd_vendor:/home/fmt/.no-mistakes/worktrees/b8e3b0e906af/01KXF3EBXC00B6ZS69VCQBAJA8/install/sqlite3_vendor:/home/fmt/.no-mistakes/worktrees/b8e3b0e906af/01KXF3EBXC00B6ZS69VCQBAJA8/install/rosbag2_test_common:/home/fmt/.no-mistakes/worktrees/b8e3b0e906af/01KXF3EBXC00B6ZS69VCQBAJA8/install/liblz4_vendor:${AMENT_PREFIX_PATH} CMAKE_PREFIX_PATH=/home/fmt/.no-mistakes/worktrees/b8e3b0e906af/01KXF3EBXC00B6ZS69VCQBAJA8/install/rosbag2_storage_sqlite3:/home/fmt/.no-mistakes/worktrees/b8e3b0e906af/01KXF3EBXC00B6ZS69VCQBAJA8/install/rosbag2_storage_mcap:/home/fmt/.no-mistakes/worktrees/b8e3b0e906af/01KXF3EBXC00B6ZS69VCQBAJA8/install/rosbag2_storage:/home/fmt/.no-mistakes/worktrees/b8e3b0e906af/01KXF3EBXC00B6ZS69VCQBAJA8/install/mcap_vendor:/home/fmt/.no-mistakes/worktrees/b8e3b0e906af/01KXF3EBXC00B6ZS69VCQBAJA8/install/zstd_vendor:/home/fmt/.no-mistakes/worktrees/b8e3b0e906af/01KXF3EBXC00B6ZS69VCQBAJA8/install/sqlite3_vendor:/home/fmt/.no-mistakes/worktrees/b8e3b0e906af/01KXF3EBXC00B6ZS69VCQBAJA8/install/rosbag2_test_common:/home/fmt/.no-mistakes/worktrees/b8e3b0e906af/01KXF3EBXC00B6ZS69VCQBAJA8/install/liblz4_vendor:/opt/intel/oneapi/tbb/2023.0/env/..:/opt/intel/oneapi/dpl/2022.12/lib/cmake/oneDPL:/opt/intel/oneapi/compiler/2026.0:/opt/ros/jazzy/opt/gz_sim_vendor:/opt/ros/jazzy/opt/gz_sensors_vendor:/opt/ros/jazzy/opt/gz_physics_vendor:/opt/ros/jazzy/opt/sdformat_vendor:/opt/ros/jazzy/opt/gz_gui_vendor:/opt/ros/jazzy/opt/gz_transport_vendor:/opt/ros/jazzy/opt/gz_rendering_vendor:/opt/ros/jazzy/opt/gz_plugin_vendor:/opt/ros/jazzy/opt/gz_fuel_tools_vendor:/opt/ros/jazzy/opt/gz_msgs_vendor:/opt/ros/jazzy/opt/gz_common_vendor:/opt/ros/jazzy/opt/gz_math_vendor:/opt/ros/jazzy/opt/gz_utils_vendor:/opt/ros/jazzy/opt/gz_tools_vendor:/opt/ros/jazzy/opt/gz_ogre_next_vendor:/opt/ros/jazzy/opt/gz_dartsim_vendor:/opt/ros/jazzy/opt/gz_cmake_vendor:/opt/ros/jazzy DEBUGINFOD_URLS=https://debuginfod.ubuntu.com LD_LIBRARY_PATH=/home/fmt/.no-mistakes/worktrees/b8e3b0e906af/01KXF3EBXC00B6ZS69VCQBAJA8/install/rosbag2_storage_sqlite3/lib:/home/fmt/.no-mistakes/worktrees/b8e3b0e906af/01KXF3EBXC00B6ZS69VCQBAJA8/install/rosbag2_storage_mcap/lib:/home/fmt/.no-mistakes/worktrees/b8e3b0e906af/01KXF3EBXC00B6ZS69VCQBAJA8/install/rosbag2_storage/lib:/home/fmt/.no-mistakes/worktrees/b8e3b0e906af/01KXF3EBXC00B6ZS69VCQBAJA8/install/mcap_vendor/lib:${LD_LIBRARY_PATH} PYTHONPATH=/home/fmt/.no-mistakes/worktrees/b8e3b0e906af/01KXF3EBXC00B6ZS69VCQBAJA8/install/rosbag2_storage_sqlite3/lib/python3.12/site-packages:/home/fmt/.no-mistakes/worktrees/b8e3b0e906af/01KXF3EBXC00B6ZS69VCQBAJA8/install/rosbag2_storage_mcap/lib/python3.12/site-packages:/home/fmt/.no-mistakes/worktrees/b8e3b0e906af/01KXF3EBXC00B6ZS69VCQBAJA8/install/rosbag2_test_common/lib/python3.12/site-packages:${PYTHONPATH} /usr/bin/cmake --build /home/fmt/.no-mistakes/worktrees/b8e3b0e906af/01KXF3EBXC00B6ZS69VCQBAJA8/build/rosbag2_storage_default_plugins -- -j20 -l20
[17.577s] DEBUG:colcon.colcon_core.event_handler.log_command:Invoking command in '/home/fmt/.no-mistakes/worktrees/b8e3b0e906af/01KXF3EBXC00B6ZS69VCQBAJA8/build/rosbag2_storage_default_plugins': AMENT_PREFIX_PATH=/home/fmt/.no-mistakes/worktrees/b8e3b0e906af/01KXF3EBXC00B6ZS69VCQBAJA8/install/rosbag2_storage_sqlite3:/home/fmt/.no-mistakes/worktrees/b8e3b0e906af/01KXF3EBXC00B6ZS69VCQBAJA8/install/rosbag2_storage_mcap:/home/fmt/.no-mistakes/worktrees/b8e3b0e906af/01KXF3EBXC00B6ZS69VCQBAJA8/install/rosbag2_storage:/home/fmt/.no-mistakes/worktrees/b8e3b0e906af/01KXF3EBXC00B6ZS69VCQBAJA8/install/mcap_vendor:/home/fmt/.no-mistakes/worktrees/b8e3b0e906af/01KXF3EBXC00B6ZS69VCQBAJA8/install/zstd_vendor:/home/fmt/.no-mistakes/worktrees/b8e3b0e906af/01KXF3EBXC00B6ZS69VCQBAJA8/install/sqlite3_vendor:/home/fmt/.no-mistakes/worktrees/b8e3b0e906af/01KXF3EBXC00B6ZS69VCQBAJA8/install/rosbag2_test_common:/home/fmt/.no-mistakes/worktrees/b8e3b0e906af/01KXF3EBXC00B6ZS69VCQBAJA8/install/liblz4_vendor:${AMENT_PREFIX_PATH} CMAKE_PREFIX_PATH=/home/fmt/.no-mistakes/worktrees/b8e3b0e906af/01KXF3EBXC00B6ZS69VCQBAJA8/install/rosbag2_storage_sqlite3:/home/fmt/.no-mistakes/worktrees/b8e3b0e906af/01KXF3EBXC00B6ZS69VCQBAJA8/install/rosbag2_storage_mcap:/home/fmt/.no-mistakes/worktrees/b8e3b0e906af/01KXF3EBXC00B6ZS69VCQBAJA8/install/rosbag2_storage:/home/fmt/.no-mistakes/worktrees/b8e3b0e906af/01KXF3EBXC00B6ZS69VCQBAJA8/install/mcap_vendor:/home/fmt/.no-mistakes/worktrees/b8e3b0e906af/01KXF3EBXC00B6ZS69VCQBAJA8/install/zstd_vendor:/home/fmt/.no-mistakes/worktrees/b8e3b0e906af/01KXF3EBXC00B6ZS69VCQBAJA8/install/sqlite3_vendor:/home/fmt/.no-mistakes/worktrees/b8e3b0e906af/01KXF3EBXC00B6ZS69VCQBAJA8/install/rosbag2_test_common:/home/fmt/.no-mistakes/worktrees/b8e3b0e906af/01KXF3EBXC00B6ZS69VCQBAJA8/install/liblz4_vendor:/opt/intel/oneapi/tbb/2023.0/env/..:/opt/intel/oneapi/dpl/2022.12/lib/cmake/oneDPL:/opt/intel/oneapi/compiler/2026.0:/opt/ros/jazzy/opt/gz_sim_vendor:/opt/ros/jazzy/opt/gz_sensors_vendor:/opt/ros/jazzy/opt/gz_physics_vendor:/opt/ros/jazzy/opt/sdformat_vendor:/opt/ros/jazzy/opt/gz_gui_vendor:/opt/ros/jazzy/opt/gz_transport_vendor:/opt/ros/jazzy/opt/gz_rendering_vendor:/opt/ros/jazzy/opt/gz_plugin_vendor:/opt/ros/jazzy/opt/gz_fuel_tools_vendor:/opt/ros/jazzy/opt/gz_msgs_vendor:/opt/ros/jazzy/opt/gz_common_vendor:/opt/ros/jazzy/opt/gz_math_vendor:/opt/ros/jazzy/opt/gz_utils_vendor:/opt/ros/jazzy/opt/gz_tools_vendor:/opt/ros/jazzy/opt/gz_ogre_next_vendor:/opt/ros/jazzy/opt/gz_dartsim_vendor:/opt/ros/jazzy/opt/gz_cmake_vendor:/opt/ros/jazzy DEBUGINFOD_URLS=https://debuginfod.ubuntu.com LD_LIBRARY_PATH=/home/fmt/.no-mistakes/worktrees/b8e3b0e906af/01KXF3EBXC00B6ZS69VCQBAJA8/install/rosbag2_storage_sqlite3/lib:/home/fmt/.no-mistakes/worktrees/b8e3b0e906af/01KXF3EBXC00B6ZS69VCQBAJA8/install/rosbag2_storage_mcap/lib:/home/fmt/.no-mistakes/worktrees/b8e3b0e906af/01KXF3EBXC00B6ZS69VCQBAJA8/install/rosbag2_storage/lib:/home/fmt/.no-mistakes/worktrees/b8e3b0e906af/01KXF3EBXC00B6ZS69VCQBAJA8/install/mcap_vendor/lib:${LD_LIBRARY_PATH} PYTHONPATH=/home/fmt/.no-mistakes/worktrees/b8e3b0e906af/01KXF3EBXC00B6ZS69VCQBAJA8/install/rosbag2_storage_sqlite3/lib/python3.12/site-packages:/home/fmt/.no-mistakes/worktrees/b8e3b0e906af/01KXF3EBXC00B6ZS69VCQBAJA8/install/rosbag2_storage_mcap/lib/python3.12/site-packages:/home/fmt/.no-mistakes/worktrees/b8e3b0e906af/01KXF3EBXC00B6ZS69VCQBAJA8/install/rosbag2_test_common/lib/python3.12/site-packages:${PYTHONPATH} /usr/bin/cmake --install /home/fmt/.no-mistakes/worktrees/b8e3b0e906af/01KXF3EBXC00B6ZS69VCQBAJA8/build/rosbag2_storage_default_plugins
[17.583s] Level 1:colcon.colcon_core.environment:create_environment_scripts_only(rosbag2_storage_default_plugins)
[17.583s] DEBUG:colcon.colcon_core.event_handler.log_command:Invoked command in '/home/fmt/.no-mistakes/worktrees/b8e3b0e906af/01KXF3EBXC00B6ZS69VCQBAJA8/build/rosbag2_storage_default_plugins' returned '0': AMENT_PREFIX_PATH=/home/fmt/.no-mistakes/worktrees/b8e3b0e906af/01KXF3EBXC00B6ZS69VCQBAJA8/install/rosbag2_storage_sqlite3:/home/fmt/.no-mistakes/worktrees/b8e3b0e906af/01KXF3EBXC00B6ZS69VCQBAJA8/install/rosbag2_storage_mcap:/home/fmt/.no-mistakes/worktrees/b8e3b0e906af/01KXF3EBXC00B6ZS69VCQBAJA8/install/rosbag2_storage:/home/fmt/.no-mistakes/worktrees/b8e3b0e906af/01KXF3EBXC00B6ZS69VCQBAJA8/install/mcap_vendor:/home/fmt/.no-mistakes/worktrees/b8e3b0e906af/01KXF3EBXC00B6ZS69VCQBAJA8/install/zstd_vendor:/home/fmt/.no-mistakes/worktrees/b8e3b0e906af/01KXF3EBXC00B6ZS69VCQBAJA8/install/sqlite3_vendor:/home/fmt/.no-mistakes/worktrees/b8e3b0e906af/01KXF3EBXC00B6ZS69VCQBAJA8/install/rosbag2_test_common:/home/fmt/.no-mistakes/worktrees/b8e3b0e906af/01KXF3EBXC00B6ZS69VCQBAJA8/install/liblz4_vendor:${AMENT_PREFIX_PATH} CMAKE_PREFIX_PATH=/home/fmt/.no-mistakes/worktrees/b8e3b0e906af/01KXF3EBXC00B6ZS69VCQBAJA8/install/rosbag2_storage_sqlite3:/home/fmt/.no-mistakes/worktrees/b8e3b0e906af/01KXF3EBXC00B6ZS69VCQBAJA8/install/rosbag2_storage_mcap:/home/fmt/.no-mistakes/worktrees/b8e3b0e906af/01KXF3EBXC00B6ZS69VCQBAJA8/install/rosbag2_storage:/home/fmt/.no-mistakes/worktrees/b8e3b0e906af/01KXF3EBXC00B6ZS69VCQBAJA8/install/mcap_vendor:/home/fmt/.no-mistakes/worktrees/b8e3b0e906af/01KXF3EBXC00B6ZS69VCQBAJA8/install/zstd_vendor:/home/fmt/.no-mistakes/worktrees/b8e3b0e906af/01KXF3EBXC00B6ZS69VCQBAJA8/install/sqlite3_vendor:/home/fmt/.no-mistakes/worktrees/b8e3b0e906af/01KXF3EBXC00B6ZS69VCQBAJA8/install/rosbag2_test_common:/home/fmt/.no-mistakes/worktrees/b8e3b0e906af/01KXF3EBXC00B6ZS69VCQBAJA8/install/liblz4_vendor:/opt/intel/oneapi/tbb/2023.0/env/..:/opt/intel/oneapi/dpl/2022.12/lib/cmake/oneDPL:/opt/intel/oneapi/compiler/2026.0:/opt/ros/jazzy/opt/gz_sim_vendor:/opt/ros/jazzy/opt/gz_sensors_vendor:/opt/ros/jazzy/opt/gz_physics_vendor:/opt/ros/jazzy/opt/sdformat_vendor:/opt/ros/jazzy/opt/gz_gui_vendor:/opt/ros/jazzy/opt/gz_transport_vendor:/opt/ros/jazzy/opt/gz_rendering_vendor:/opt/ros/jazzy/opt/gz_plugin_vendor:/opt/ros/jazzy/opt/gz_fuel_tools_vendor:/opt/ros/jazzy/opt/gz_msgs_vendor:/opt/ros/jazzy/opt/gz_common_vendor:/opt/ros/jazzy/opt/gz_math_vendor:/opt/ros/jazzy/opt/gz_utils_vendor:/opt/ros/jazzy/opt/gz_tools_vendor:/opt/ros/jazzy/opt/gz_ogre_next_vendor:/opt/ros/jazzy/opt/gz_dartsim_vendor:/opt/ros/jazzy/opt/gz_cmake_vendor:/opt/ros/jazzy DEBUGINFOD_URLS=https://debuginfod.ubuntu.com LD_LIBRARY_PATH=/home/fmt/.no-mistakes/worktrees/b8e3b0e906af/01KXF3EBXC00B6ZS69VCQBAJA8/install/rosbag2_storage_sqlite3/lib:/home/fmt/.no-mistakes/worktrees/b8e3b0e906af/01KXF3EBXC00B6ZS69VCQBAJA8/install/rosbag2_storage_mcap/lib:/home/fmt/.no-mistakes/worktrees/b8e3b0e906af/01KXF3EBXC00B6ZS69VCQBAJA8/install/rosbag2_storage/lib:/home/fmt/.no-mistakes/worktrees/b8e3b0e906af/01KXF3EBXC00B6ZS69VCQBAJA8/install/mcap_vendor/lib:${LD_LIBRARY_PATH} PYTHONPATH=/home/fmt/.no-mistakes/worktrees/b8e3b0e906af/01KXF3EBXC00B6ZS69VCQBAJA8/install/rosbag2_storage_sqlite3/lib/python3.12/site-packages:/home/fmt/.no-mistakes/worktrees/b8e3b0e906af/01KXF3EBXC00B6ZS69VCQBAJA8/install/rosbag2_storage_mcap/lib/python3.12/site-packages:/home/fmt/.no-mistakes/worktrees/b8e3b0e906af/01KXF3EBXC00B6ZS69VCQBAJA8/install/rosbag2_test_common/lib/python3.12/site-packages:${PYTHONPATH} /usr/bin/cmake --install /home/fmt/.no-mistakes/worktrees/b8e3b0e906af/01KXF3EBXC00B6ZS69VCQBAJA8/build/rosbag2_storage_default_plugins
[17.583s] Level 1:colcon.colcon_core.environment:checking '/home/fmt/.no-mistakes/worktrees/b8e3b0e906af/01KXF3EBXC00B6ZS69VCQBAJA8/install/rosbag2_storage_default_plugins' for CMake module files
[17.584s] Level 1:colcon.colcon_core.environment:checking '/home/fmt/.no-mistakes/worktrees/b8e3b0e906af/01KXF3EBXC00B6ZS69VCQBAJA8/install/rosbag2_storage_default_plugins' for CMake config files
[17.584s] Level 1:colcon.colcon_core.shell:create_environment_hook('rosbag2_storage_default_plugins', 'cmake_prefix_path')
[17.584s] INFO:colcon.colcon_core.shell:Creating environment hook '/home/fmt/.no-mistakes/worktrees/b8e3b0e906af/01KXF3EBXC00B6ZS69VCQBAJA8/install/rosbag2_storage_default_plugins/share/rosbag2_storage_default_plugins/hook/cmake_prefix_path.ps1'
[17.584s] INFO:colcon.colcon_core.shell:Creating environment descriptor '/home/fmt/.no-mistakes/worktrees/b8e3b0e906af/01KXF3EBXC00B6ZS69VCQBAJA8/install/rosbag2_storage_default_plugins/share/rosbag2_storage_default_plugins/hook/cmake_prefix_path.dsv'
[17.584s] INFO:colcon.colcon_core.shell:Creating environment hook '/home/fmt/.no-mistakes/worktrees/b8e3b0e906af/01KXF3EBXC00B6ZS69VCQBAJA8/install/rosbag2_storage_default_plugins/share/rosbag2_storage_default_plugins/hook/cmake_prefix_path.sh'
[17.584s] Level 1:colcon.colcon_core.environment:checking '/home/fmt/.no-mistakes/worktrees/b8e3b0e906af/01KXF3EBXC00B6ZS69VCQBAJA8/install/rosbag2_storage_default_plugins/bin'
[17.584s] Level 1:colcon.colcon_core.environment:checking '/home/fmt/.no-mistakes/worktrees/b8e3b0e906af/01KXF3EBXC00B6ZS69VCQBAJA8/install/rosbag2_storage_default_plugins/lib/pkgconfig/rosbag2_storage_default_plugins.pc'
[17.585s] Level 1:colcon.colcon_core.environment:checking '/home/fmt/.no-mistakes/worktrees/b8e3b0e906af/01KXF3EBXC00B6ZS69VCQBAJA8/install/rosbag2_storage_default_plugins/lib/python3.12/site-packages'
[17.585s] Level 1:colcon.colcon_core.environment:checking '/home/fmt/.no-mistakes/worktrees/b8e3b0e906af/01KXF3EBXC00B6ZS69VCQBAJA8/install/rosbag2_storage_default_plugins/bin'
[17.585s] INFO:colcon.colcon_core.shell:Creating package script '/home/fmt/.no-mistakes/worktrees/b8e3b0e906af/01KXF3EBXC00B6ZS69VCQBAJA8/install/rosbag2_storage_default_plugins/share/rosbag2_storage_default_plugins/package.ps1'
[17.585s] INFO:colcon.colcon_core.shell:Creating package descriptor '/home/fmt/.no-mistakes/worktrees/b8e3b0e906af/01KXF3EBXC00B6ZS69VCQBAJA8/install/rosbag2_storage_default_plugins/share/rosbag2_storage_default_plugins/package.dsv'
[17.585s] INFO:colcon.colcon_core.shell:Creating package script '/home/fmt/.no-mistakes/worktrees/b8e3b0e906af/01KXF3EBXC00B6ZS69VCQBAJA8/install/rosbag2_storage_default_plugins/share/rosbag2_storage_default_plugins/package.sh'
[17.586s] INFO:colcon.colcon_core.shell:Creating package script '/home/fmt/.no-mistakes/worktrees/b8e3b0e906af/01KXF3EBXC00B6ZS69VCQBAJA8/install/rosbag2_storage_default_plugins/share/rosbag2_storage_default_plugins/package.bash'
[17.586s] INFO:colcon.colcon_core.shell:Creating package script '/home/fmt/.no-mistakes/worktrees/b8e3b0e906af/01KXF3EBXC00B6ZS69VCQBAJA8/install/rosbag2_storage_default_plugins/share/rosbag2_storage_default_plugins/package.zsh'
[17.586s] Level 1:colcon.colcon_core.environment:create_file_with_runtime_dependencies(/home/fmt/.no-mistakes/worktrees/b8e3b0e906af/01KXF3EBXC00B6ZS69VCQBAJA8/install/rosbag2_storage_default_plugins/share/colcon-core/packages/rosbag2_storage_default_plugins)
[17.586s] Level 1:colcon.colcon_core.environment:create_environment_scripts_only(rosbag2_storage_default_plugins)
[17.586s] Level 1:colcon.colcon_core.environment:checking '/home/fmt/.no-mistakes/worktrees/b8e3b0e906af/01KXF3EBXC00B6ZS69VCQBAJA8/install/rosbag2_storage_default_plugins' for CMake module files
[17.586s] Level 1:colcon.colcon_core.environment:checking '/home/fmt/.no-mistakes/worktrees/b8e3b0e906af/01KXF3EBXC00B6ZS69VCQBAJA8/install/rosbag2_storage_default_plugins' for CMake config files
[17.586s] Level 1:colcon.colcon_core.shell:create_environment_hook('rosbag2_storage_default_plugins', 'cmake_prefix_path')
[17.586s] INFO:colcon.colcon_core.shell:Creating environment hook '/home/fmt/.no-mistakes/worktrees/b8e3b0e906af/01KXF3EBXC00B6ZS69VCQBAJA8/install/rosbag2_storage_default_plugins/share/rosbag2_storage_default_plugins/hook/cmake_prefix_path.ps1'
[17.587s] INFO:colcon.colcon_core.shell:Creating environment descriptor '/home/fmt/.no-mistakes/worktrees/b8e3b0e906af/01KXF3EBXC00B6ZS69VCQBAJA8/install/rosbag2_storage_default_plugins/share/rosbag2_storage_default_plugins/hook/cmake_prefix_path.dsv'
[17.587s] INFO:colcon.colcon_core.shell:Creating environment hook '/home/fmt/.no-mistakes/worktrees/b8e3b0e906af/01KXF3EBXC00B6ZS69VCQBAJA8/install/rosbag2_storage_default_plugins/share/rosbag2_storage_default_plugins/hook/cmake_prefix_path.sh'
[17.587s] Level 1:colcon.colcon_core.environment:checking '/home/fmt/.no-mistakes/worktrees/b8e3b0e906af/01KXF3EBXC00B6ZS69VCQBAJA8/install/rosbag2_storage_default_plugins/bin'
[17.587s] Level 1:colcon.colcon_core.environment:checking '/home/fmt/.no-mistakes/worktrees/b8e3b0e906af/01KXF3EBXC00B6ZS69VCQBAJA8/install/rosbag2_storage_default_plugins/lib/pkgconfig/rosbag2_storage_default_plugins.pc'
[17.587s] Level 1:colcon.colcon_core.environment:checking '/home/fmt/.no-mistakes/worktrees/b8e3b0e906af/01KXF3EBXC00B6ZS69VCQBAJA8/install/rosbag2_storage_default_plugins/lib/python3.12/site-packages'
[17.587s] Level 1:colcon.colcon_core.environment:checking '/home/fmt/.no-mistakes/worktrees/b8e3b0e906af/01KXF3EBXC00B6ZS69VCQBAJA8/install/rosbag2_storage_default_plugins/bin'
[17.587s] INFO:colcon.colcon_core.shell:Creating package script '/home/fmt/.no-mistakes/worktrees/b8e3b0e906af/01KXF3EBXC00B6ZS69VCQBAJA8/install/rosbag2_storage_default_plugins/share/rosbag2_storage_default_plugins/package.ps1'
[17.588s] INFO:colcon.colcon_core.shell:Creating package descriptor '/home/fmt/.no-mistakes/worktrees/b8e3b0e906af/01KXF3EBXC00B6ZS69VCQBAJA8/install/rosbag2_storage_default_plugins/share/rosbag2_storage_default_plugins/package.dsv'
[17.588s] INFO:colcon.colcon_core.shell:Creating package script '/home/fmt/.no-mistakes/worktrees/b8e3b0e906af/01KXF3EBXC00B6ZS69VCQBAJA8/install/rosbag2_storage_default_plugins/share/rosbag2_storage_default_plugins/package.sh'
[17.588s] INFO:colcon.colcon_core.shell:Creating package script '/home/fmt/.no-mistakes/worktrees/b8e3b0e906af/01KXF3EBXC00B6ZS69VCQBAJA8/install/rosbag2_storage_default_plugins/share/rosbag2_storage_default_plugins/package.bash'
[17.588s] INFO:colcon.colcon_core.shell:Creating package script '/home/fmt/.no-mistakes/worktrees/b8e3b0e906af/01KXF3EBXC00B6ZS69VCQBAJA8/install/rosbag2_storage_default_plugins/share/rosbag2_storage_default_plugins/package.zsh'
[17.588s] Level 1:colcon.colcon_core.environment:create_file_with_runtime_dependencies(/home/fmt/.no-mistakes/worktrees/b8e3b0e906af/01KXF3EBXC00B6ZS69VCQBAJA8/install/rosbag2_storage_default_plugins/share/colcon-core/packages/rosbag2_storage_default_plugins)
[17.589s] INFO:colcon.colcon_ros.task.ament_cmake.build:Building ROS package in '/home/fmt/.no-mistakes/worktrees/b8e3b0e906af/01KXF3EBXC00B6ZS69VCQBAJA8/rosbag2_cpp' with build type 'ament_cmake'
[17.589s] INFO:colcon.colcon_cmake.task.cmake.build:Building CMake package in '/home/fmt/.no-mistakes/worktrees/b8e3b0e906af/01KXF3EBXC00B6ZS69VCQBAJA8/rosbag2_cpp'
[17.589s] INFO:colcon.colcon_core.shell:Skip shell extension 'powershell' for command environment: Not usable outside of PowerShell
[17.589s] DEBUG:colcon.colcon_core.shell:Skip shell extension 'dsv' for command environment
[17.603s] DEBUG:colcon.colcon_core.event_handler.log_command:Invoking command in '/home/fmt/.no-mistakes/worktrees/b8e3b0e906af/01KXF3EBXC00B6ZS69VCQBAJA8/build/rosbag2_cpp': AMENT_PREFIX_PATH=/home/fmt/.no-mistakes/worktrees/b8e3b0e906af/01KXF3EBXC00B6ZS69VCQBAJA8/install/rosbag2_storage_default_plugins:/home/fmt/.no-mistakes/worktrees/b8e3b0e906af/01KXF3EBXC00B6ZS69VCQBAJA8/install/rosbag2_storage_sqlite3:/home/fmt/.no-mistakes/worktrees/b8e3b0e906af/01KXF3EBXC00B6ZS69VCQBAJA8/install/rosbag2_storage_mcap:/home/fmt/.no-mistakes/worktrees/b8e3b0e906af/01KXF3EBXC00B6ZS69VCQBAJA8/install/rosbag2_storage:/home/fmt/.no-mistakes/worktrees/b8e3b0e906af/01KXF3EBXC00B6ZS69VCQBAJA8/install/mcap_vendor:/home/fmt/.no-mistakes/worktrees/b8e3b0e906af/01KXF3EBXC00B6ZS69VCQBAJA8/install/zstd_vendor:/home/fmt/.no-mistakes/worktrees/b8e3b0e906af/01KXF3EBXC00B6ZS69VCQBAJA8/install/sqlite3_vendor:/home/fmt/.no-mistakes/worktrees/b8e3b0e906af/01KXF3EBXC00B6ZS69VCQBAJA8/install/rosbag2_test_msgdefs:/home/fmt/.no-mistakes/worktrees/b8e3b0e906af/01KXF3EBXC00B6ZS69VCQBAJA8/install/rosbag2_test_common:/home/fmt/.no-mistakes/worktrees/b8e3b0e906af/01KXF3EBXC00B6ZS69VCQBAJA8/install/liblz4_vendor:${AMENT_PREFIX_PATH} CMAKE_PREFIX_PATH=/home/fmt/.no-mistakes/worktrees/b8e3b0e906af/01KXF3EBXC00B6ZS69VCQBAJA8/install/rosbag2_storage_default_plugins:/home/fmt/.no-mistakes/worktrees/b8e3b0e906af/01KXF3EBXC00B6ZS69VCQBAJA8/install/rosbag2_storage_sqlite3:/home/fmt/.no-mistakes/worktrees/b8e3b0e906af/01KXF3EBXC00B6ZS69VCQBAJA8/install/rosbag2_storage_mcap:/home/fmt/.no-mistakes/worktrees/b8e3b0e906af/01KXF3EBXC00B6ZS69VCQBAJA8/install/rosbag2_storage:/home/fmt/.no-mistakes/worktrees/b8e3b0e906af/01KXF3EBXC00B6ZS69VCQBAJA8/install/mcap_vendor:/home/fmt/.no-mistakes/worktrees/b8e3b0e906af/01KXF3EBXC00B6ZS69VCQBAJA8/install/zstd_vendor:/home/fmt/.no-mistakes/worktrees/b8e3b0e906af/01KXF3EBXC00B6ZS69VCQBAJA8/install/sqlite3_vendor:/home/fmt/.no-mistakes/worktrees/b8e3b0e906af/01KXF3EBXC00B6ZS69VCQBAJA8/install/rosbag2_test_msgdefs:/home/fmt/.no-mistakes/worktrees/b8e3b0e906af/01KXF3EBXC00B6ZS69VCQBAJA8/install/rosbag2_test_common:/home/fmt/.no-mistakes/worktrees/b8e3b0e906af/01KXF3EBXC00B6ZS69VCQBAJA8/install/liblz4_vendor:/opt/intel/oneapi/tbb/2023.0/env/..:/opt/intel/oneapi/dpl/2022.12/lib/cmake/oneDPL:/opt/intel/oneapi/compiler/2026.0:/opt/ros/jazzy/opt/gz_sim_vendor:/opt/ros/jazzy/opt/gz_sensors_vendor:/opt/ros/jazzy/opt/gz_physics_vendor:/opt/ros/jazzy/opt/sdformat_vendor:/opt/ros/jazzy/opt/gz_gui_vendor:/opt/ros/jazzy/opt/gz_transport_vendor:/opt/ros/jazzy/opt/gz_rendering_vendor:/opt/ros/jazzy/opt/gz_plugin_vendor:/opt/ros/jazzy/opt/gz_fuel_tools_vendor:/opt/ros/jazzy/opt/gz_msgs_vendor:/opt/ros/jazzy/opt/gz_common_vendor:/opt/ros/jazzy/opt/gz_math_vendor:/opt/ros/jazzy/opt/gz_utils_vendor:/opt/ros/jazzy/opt/gz_tools_vendor:/opt/ros/jazzy/opt/gz_ogre_next_vendor:/opt/ros/jazzy/opt/gz_dartsim_vendor:/opt/ros/jazzy/opt/gz_cmake_vendor:/opt/ros/jazzy DEBUGINFOD_URLS=https://debuginfod.ubuntu.com LD_LIBRARY_PATH=/home/fmt/.no-mistakes/worktrees/b8e3b0e906af/01KXF3EBXC00B6ZS69VCQBAJA8/install/rosbag2_storage_sqlite3/lib:/home/fmt/.no-mistakes/worktrees/b8e3b0e906af/01KXF3EBXC00B6ZS69VCQBAJA8/install/rosbag2_storage_mcap/lib:/home/fmt/.no-mistakes/worktrees/b8e3b0e906af/01KXF3EBXC00B6ZS69VCQBAJA8/install/rosbag2_storage/lib:/home/fmt/.no-mistakes/worktrees/b8e3b0e906af/01KXF3EBXC00B6ZS69VCQBAJA8/install/mcap_vendor/lib:/home/fmt/.no-mistakes/worktrees/b8e3b0e906af/01KXF3EBXC00B6ZS69VCQBAJA8/install/rosbag2_test_msgdefs/lib:${LD_LIBRARY_PATH} PYTHONPATH=/home/fmt/.no-mistakes/worktrees/b8e3b0e906af/01KXF3EBXC00B6ZS69VCQBAJA8/install/rosbag2_storage_sqlite3/lib/python3.12/site-packages:/home/fmt/.no-mistakes/worktrees/b8e3b0e906af/01KXF3EBXC00B6ZS69VCQBAJA8/install/rosbag2_storage_mcap/lib/python3.12/site-packages:/home/fmt/.no-mistakes/worktrees/b8e3b0e906af/01KXF3EBXC00B6ZS69VCQBAJA8/install/rosbag2_test_msgdefs/lib/python3.12/site-packages:/home/fmt/.no-mistakes/worktrees/b8e3b0e906af/01KXF3EBXC00B6ZS69VCQBAJA8/install/rosbag2_test_common/lib/python3.12/site-packages:${PYTHONPATH} /usr/bin/cmake /home/fmt/.no-mistakes/worktrees/b8e3b0e906af/01KXF3EBXC00B6ZS69VCQBAJA8/rosbag2_cpp -DCMAKE_BUILD_TYPE=Release -DCMAKE_INSTALL_PREFIX=/home/fmt/.no-mistakes/worktrees/b8e3b0e906af/01KXF3EBXC00B6ZS69VCQBAJA8/install/rosbag2_cpp
[18.455s] DEBUG:colcon.colcon_core.event_handler.log_command:Invoked command in '/home/fmt/.no-mistakes/worktrees/b8e3b0e906af/01KXF3EBXC00B6ZS69VCQBAJA8/build/rosbag2_cpp' returned '0': AMENT_PREFIX_PATH=/home/fmt/.no-mistakes/worktrees/b8e3b0e906af/01KXF3EBXC00B6ZS69VCQBAJA8/install/rosbag2_storage_default_plugins:/home/fmt/.no-mistakes/worktrees/b8e3b0e906af/01KXF3EBXC00B6ZS69VCQBAJA8/install/rosbag2_storage_sqlite3:/home/fmt/.no-mistakes/worktrees/b8e3b0e906af/01KXF3EBXC00B6ZS69VCQBAJA8/install/rosbag2_storage_mcap:/home/fmt/.no-mistakes/worktrees/b8e3b0e906af/01KXF3EBXC00B6ZS69VCQBAJA8/install/rosbag2_storage:/home/fmt/.no-mistakes/worktrees/b8e3b0e906af/01KXF3EBXC00B6ZS69VCQBAJA8/install/mcap_vendor:/home/fmt/.no-mistakes/worktrees/b8e3b0e906af/01KXF3EBXC00B6ZS69VCQBAJA8/install/zstd_vendor:/home/fmt/.no-mistakes/worktrees/b8e3b0e906af/01KXF3EBXC00B6ZS69VCQBAJA8/install/sqlite3_vendor:/home/fmt/.no-mistakes/worktrees/b8e3b0e906af/01KXF3EBXC00B6ZS69VCQBAJA8/install/rosbag2_test_msgdefs:/home/fmt/.no-mistakes/worktrees/b8e3b0e906af/01KXF3EBXC00B6ZS69VCQBAJA8/install/rosbag2_test_common:/home/fmt/.no-mistakes/worktrees/b8e3b0e906af/01KXF3EBXC00B6ZS69VCQBAJA8/install/liblz4_vendor:${AMENT_PREFIX_PATH} CMAKE_PREFIX_PATH=/home/fmt/.no-mistakes/worktrees/b8e3b0e906af/01KXF3EBXC00B6ZS69VCQBAJA8/install/rosbag2_storage_default_plugins:/home/fmt/.no-mistakes/worktrees/b8e3b0e906af/01KXF3EBXC00B6ZS69VCQBAJA8/install/rosbag2_storage_sqlite3:/home/fmt/.no-mistakes/worktrees/b8e3b0e906af/01KXF3EBXC00B6ZS69VCQBAJA8/install/rosbag2_storage_mcap:/home/fmt/.no-mistakes/worktrees/b8e3b0e906af/01KXF3EBXC00B6ZS69VCQBAJA8/install/rosbag2_storage:/home/fmt/.no-mistakes/worktrees/b8e3b0e906af/01KXF3EBXC00B6ZS69VCQBAJA8/install/mcap_vendor:/home/fmt/.no-mistakes/worktrees/b8e3b0e906af/01KXF3EBXC00B6ZS69VCQBAJA8/install/zstd_vendor:/home/fmt/.no-mistakes/worktrees/b8e3b0e906af/01KXF3EBXC00B6ZS69VCQBAJA8/install/sqlite3_vendor:/home/fmt/.no-mistakes/worktrees/b8e3b0e906af/01KXF3EBXC00B6ZS69VCQBAJA8/install/rosbag2_test_msgdefs:/home/fmt/.no-mistakes/worktrees/b8e3b0e906af/01KXF3EBXC00B6ZS69VCQBAJA8/install/rosbag2_test_common:/home/fmt/.no-mistakes/worktrees/b8e3b0e906af/01KXF3EBXC00B6ZS69VCQBAJA8/install/liblz4_vendor:/opt/intel/oneapi/tbb/2023.0/env/..:/opt/intel/oneapi/dpl/2022.12/lib/cmake/oneDPL:/opt/intel/oneapi/compiler/2026.0:/opt/ros/jazzy/opt/gz_sim_vendor:/opt/ros/jazzy/opt/gz_sensors_vendor:/opt/ros/jazzy/opt/gz_physics_vendor:/opt/ros/jazzy/opt/sdformat_vendor:/opt/ros/jazzy/opt/gz_gui_vendor:/opt/ros/jazzy/opt/gz_transport_vendor:/opt/ros/jazzy/opt/gz_rendering_vendor:/opt/ros/jazzy/opt/gz_plugin_vendor:/opt/ros/jazzy/opt/gz_fuel_tools_vendor:/opt/ros/jazzy/opt/gz_msgs_vendor:/opt/ros/jazzy/opt/gz_common_vendor:/opt/ros/jazzy/opt/gz_math_vendor:/opt/ros/jazzy/opt/gz_utils_vendor:/opt/ros/jazzy/opt/gz_tools_vendor:/opt/ros/jazzy/opt/gz_ogre_next_vendor:/opt/ros/jazzy/opt/gz_dartsim_vendor:/opt/ros/jazzy/opt/gz_cmake_vendor:/opt/ros/jazzy DEBUGINFOD_URLS=https://debuginfod.ubuntu.com LD_LIBRARY_PATH=/home/fmt/.no-mistakes/worktrees/b8e3b0e906af/01KXF3EBXC00B6ZS69VCQBAJA8/install/rosbag2_storage_sqlite3/lib:/home/fmt/.no-mistakes/worktrees/b8e3b0e906af/01KXF3EBXC00B6ZS69VCQBAJA8/install/rosbag2_storage_mcap/lib:/home/fmt/.no-mistakes/worktrees/b8e3b0e906af/01KXF3EBXC00B6ZS69VCQBAJA8/install/rosbag2_storage/lib:/home/fmt/.no-mistakes/worktrees/b8e3b0e906af/01KXF3EBXC00B6ZS69VCQBAJA8/install/mcap_vendor/lib:/home/fmt/.no-mistakes/worktrees/b8e3b0e906af/01KXF3EBXC00B6ZS69VCQBAJA8/install/rosbag2_test_msgdefs/lib:${LD_LIBRARY_PATH} PYTHONPATH=/home/fmt/.no-mistakes/worktrees/b8e3b0e906af/01KXF3EBXC00B6ZS69VCQBAJA8/install/rosbag2_storage_sqlite3/lib/python3.12/site-packages:/home/fmt/.no-mistakes/worktrees/b8e3b0e906af/01KXF3EBXC00B6ZS69VCQBAJA8/install/rosbag2_storage_mcap/lib/python3.12/site-packages:/home/fmt/.no-mistakes/worktrees/b8e3b0e906af/01KXF3EBXC00B6ZS69VCQBAJA8/install/rosbag2_test_msgdefs/lib/python3.12/site-packages:/home/fmt/.no-mistakes/worktrees/b8e3b0e906af/01KXF3EBXC00B6ZS69VCQBAJA8/install/rosbag2_test_common/lib/python3.12/site-packages:${PYTHONPATH} /usr/bin/cmake /home/fmt/.no-mistakes/worktrees/b8e3b0e906af/01KXF3EBXC00B6ZS69VCQBAJA8/rosbag2_cpp -DCMAKE_BUILD_TYPE=Release -DCMAKE_INSTALL_PREFIX=/home/fmt/.no-mistakes/worktrees/b8e3b0e906af/01KXF3EBXC00B6ZS69VCQBAJA8/install/rosbag2_cpp
[18.456s] DEBUG:colcon.colcon_core.event_handler.log_command:Invoking command in '/home/fmt/.no-mistakes/worktrees/b8e3b0e906af/01KXF3EBXC00B6ZS69VCQBAJA8/build/rosbag2_cpp': AMENT_PREFIX_PATH=/home/fmt/.no-mistakes/worktrees/b8e3b0e906af/01KXF3EBXC00B6ZS69VCQBAJA8/install/rosbag2_storage_default_plugins:/home/fmt/.no-mistakes/worktrees/b8e3b0e906af/01KXF3EBXC00B6ZS69VCQBAJA8/install/rosbag2_storage_sqlite3:/home/fmt/.no-mistakes/worktrees/b8e3b0e906af/01KXF3EBXC00B6ZS69VCQBAJA8/install/rosbag2_storage_mcap:/home/fmt/.no-mistakes/worktrees/b8e3b0e906af/01KXF3EBXC00B6ZS69VCQBAJA8/install/rosbag2_storage:/home/fmt/.no-mistakes/worktrees/b8e3b0e906af/01KXF3EBXC00B6ZS69VCQBAJA8/install/mcap_vendor:/home/fmt/.no-mistakes/worktrees/b8e3b0e906af/01KXF3EBXC00B6ZS69VCQBAJA8/install/zstd_vendor:/home/fmt/.no-mistakes/worktrees/b8e3b0e906af/01KXF3EBXC00B6ZS69VCQBAJA8/install/sqlite3_vendor:/home/fmt/.no-mistakes/worktrees/b8e3b0e906af/01KXF3EBXC00B6ZS69VCQBAJA8/install/rosbag2_test_msgdefs:/home/fmt/.no-mistakes/worktrees/b8e3b0e906af/01KXF3EBXC00B6ZS69VCQBAJA8/install/rosbag2_test_common:/home/fmt/.no-mistakes/worktrees/b8e3b0e906af/01KXF3EBXC00B6ZS69VCQBAJA8/install/liblz4_vendor:${AMENT_PREFIX_PATH} CMAKE_PREFIX_PATH=/home/fmt/.no-mistakes/worktrees/b8e3b0e906af/01KXF3EBXC00B6ZS69VCQBAJA8/install/rosbag2_storage_default_plugins:/home/fmt/.no-mistakes/worktrees/b8e3b0e906af/01KXF3EBXC00B6ZS69VCQBAJA8/install/rosbag2_storage_sqlite3:/home/fmt/.no-mistakes/worktrees/b8e3b0e906af/01KXF3EBXC00B6ZS69VCQBAJA8/install/rosbag2_storage_mcap:/home/fmt/.no-mistakes/worktrees/b8e3b0e906af/01KXF3EBXC00B6ZS69VCQBAJA8/install/rosbag2_storage:/home/fmt/.no-mistakes/worktrees/b8e3b0e906af/01KXF3EBXC00B6ZS69VCQBAJA8/install/mcap_vendor:/home/fmt/.no-mistakes/worktrees/b8e3b0e906af/01KXF3EBXC00B6ZS69VCQBAJA8/install/zstd_vendor:/home/fmt/.no-mistakes/worktrees/b8e3b0e906af/01KXF3EBXC00B6ZS69VCQBAJA8/install/sqlite3_vendor:/home/fmt/.no-mistakes/worktrees/b8e3b0e906af/01KXF3EBXC00B6ZS69VCQBAJA8/install/rosbag2_test_msgdefs:/home/fmt/.no-mistakes/worktrees/b8e3b0e906af/01KXF3EBXC00B6ZS69VCQBAJA8/install/rosbag2_test_common:/home/fmt/.no-mistakes/worktrees/b8e3b0e906af/01KXF3EBXC00B6ZS69VCQBAJA8/install/liblz4_vendor:/opt/intel/oneapi/tbb/2023.0/env/..:/opt/intel/oneapi/dpl/2022.12/lib/cmake/oneDPL:/opt/intel/oneapi/compiler/2026.0:/opt/ros/jazzy/opt/gz_sim_vendor:/opt/ros/jazzy/opt/gz_sensors_vendor:/opt/ros/jazzy/opt/gz_physics_vendor:/opt/ros/jazzy/opt/sdformat_vendor:/opt/ros/jazzy/opt/gz_gui_vendor:/opt/ros/jazzy/opt/gz_transport_vendor:/opt/ros/jazzy/opt/gz_rendering_vendor:/opt/ros/jazzy/opt/gz_plugin_vendor:/opt/ros/jazzy/opt/gz_fuel_tools_vendor:/opt/ros/jazzy/opt/gz_msgs_vendor:/opt/ros/jazzy/opt/gz_common_vendor:/opt/ros/jazzy/opt/gz_math_vendor:/opt/ros/jazzy/opt/gz_utils_vendor:/opt/ros/jazzy/opt/gz_tools_vendor:/opt/ros/jazzy/opt/gz_ogre_next_vendor:/opt/ros/jazzy/opt/gz_dartsim_vendor:/opt/ros/jazzy/opt/gz_cmake_vendor:/opt/ros/jazzy DEBUGINFOD_URLS=https://debuginfod.ubuntu.com LD_LIBRARY_PATH=/home/fmt/.no-mistakes/worktrees/b8e3b0e906af/01KXF3EBXC00B6ZS69VCQBAJA8/install/rosbag2_storage_sqlite3/lib:/home/fmt/.no-mistakes/worktrees/b8e3b0e906af/01KXF3EBXC00B6ZS69VCQBAJA8/install/rosbag2_storage_mcap/lib:/home/fmt/.no-mistakes/worktrees/b8e3b0e906af/01KXF3EBXC00B6ZS69VCQBAJA8/install/rosbag2_storage/lib:/home/fmt/.no-mistakes/worktrees/b8e3b0e906af/01KXF3EBXC00B6ZS69VCQBAJA8/install/mcap_vendor/lib:/home/fmt/.no-mistakes/worktrees/b8e3b0e906af/01KXF3EBXC00B6ZS69VCQBAJA8/install/rosbag2_test_msgdefs/lib:${LD_LIBRARY_PATH} PYTHONPATH=/home/fmt/.no-mistakes/worktrees/b8e3b0e906af/01KXF3EBXC00B6ZS69VCQBAJA8/install/rosbag2_storage_sqlite3/lib/python3.12/site-packages:/home/fmt/.no-mistakes/worktrees/b8e3b0e906af/01KXF3EBXC00B6ZS69VCQBAJA8/install/rosbag2_storage_mcap/lib/python3.12/site-packages:/home/fmt/.no-mistakes/worktrees/b8e3b0e906af/01KXF3EBXC00B6ZS69VCQBAJA8/install/rosbag2_test_msgdefs/lib/python3.12/site-packages:/home/fmt/.no-mistakes/worktrees/b8e3b0e906af/01KXF3EBXC00B6ZS69VCQBAJA8/install/rosbag2_test_common/lib/python3.12/site-packages:${PYTHONPATH} /usr/bin/cmake --build /home/fmt/.no-mistakes/worktrees/b8e3b0e906af/01KXF3EBXC00B6ZS69VCQBAJA8/build/rosbag2_cpp -- -j20 -l20
[31.135s] DEBUG:colcon.colcon_core.event_handler.log_command:Invoked command in '/home/fmt/.no-mistakes/worktrees/b8e3b0e906af/01KXF3EBXC00B6ZS69VCQBAJA8/build/rosbag2_cpp' returned '0': AMENT_PREFIX_PATH=/home/fmt/.no-mistakes/worktrees/b8e3b0e906af/01KXF3EBXC00B6ZS69VCQBAJA8/install/rosbag2_storage_default_plugins:/home/fmt/.no-mistakes/worktrees/b8e3b0e906af/01KXF3EBXC00B6ZS69VCQBAJA8/install/rosbag2_storage_sqlite3:/home/fmt/.no-mistakes/worktrees/b8e3b0e906af/01KXF3EBXC00B6ZS69VCQBAJA8/install/rosbag2_storage_mcap:/home/fmt/.no-mistakes/worktrees/b8e3b0e906af/01KXF3EBXC00B6ZS69VCQBAJA8/install/rosbag2_storage:/home/fmt/.no-mistakes/worktrees/b8e3b0e906af/01KXF3EBXC00B6ZS69VCQBAJA8/install/mcap_vendor:/home/fmt/.no-mistakes/worktrees/b8e3b0e906af/01KXF3EBXC00B6ZS69VCQBAJA8/install/zstd_vendor:/home/fmt/.no-mistakes/worktrees/b8e3b0e906af/01KXF3EBXC00B6ZS69VCQBAJA8/install/sqlite3_vendor:/home/fmt/.no-mistakes/worktrees/b8e3b0e906af/01KXF3EBXC00B6ZS69VCQBAJA8/install/rosbag2_test_msgdefs:/home/fmt/.no-mistakes/worktrees/b8e3b0e906af/01KXF3EBXC00B6ZS69VCQBAJA8/install/rosbag2_test_common:/home/fmt/.no-mistakes/worktrees/b8e3b0e906af/01KXF3EBXC00B6ZS69VCQBAJA8/install/liblz4_vendor:${AMENT_PREFIX_PATH} CMAKE_PREFIX_PATH=/home/fmt/.no-mistakes/worktrees/b8e3b0e906af/01KXF3EBXC00B6ZS69VCQBAJA8/install/rosbag2_storage_default_plugins:/home/fmt/.no-mistakes/worktrees/b8e3b0e906af/01KXF3EBXC00B6ZS69VCQBAJA8/install/rosbag2_storage_sqlite3:/home/fmt/.no-mistakes/worktrees/b8e3b0e906af/01KXF3EBXC00B6ZS69VCQBAJA8/install/rosbag2_storage_mcap:/home/fmt/.no-mistakes/worktrees/b8e3b0e906af/01KXF3EBXC00B6ZS69VCQBAJA8/install/rosbag2_storage:/home/fmt/.no-mistakes/worktrees/b8e3b0e906af/01KXF3EBXC00B6ZS69VCQBAJA8/install/mcap_vendor:/home/fmt/.no-mistakes/worktrees/b8e3b0e906af/01KXF3EBXC00B6ZS69VCQBAJA8/install/zstd_vendor:/home/fmt/.no-mistakes/worktrees/b8e3b0e906af/01KXF3EBXC00B6ZS69VCQBAJA8/install/sqlite3_vendor:/home/fmt/.no-mistakes/worktrees/b8e3b0e906af/01KXF3EBXC00B6ZS69VCQBAJA8/install/rosbag2_test_msgdefs:/home/fmt/.no-mistakes/worktrees/b8e3b0e906af/01KXF3EBXC00B6ZS69VCQBAJA8/install/rosbag2_test_common:/home/fmt/.no-mistakes/worktrees/b8e3b0e906af/01KXF3EBXC00B6ZS69VCQBAJA8/install/liblz4_vendor:/opt/intel/oneapi/tbb/2023.0/env/..:/opt/intel/oneapi/dpl/2022.12/lib/cmake/oneDPL:/opt/intel/oneapi/compiler/2026.0:/opt/ros/jazzy/opt/gz_sim_vendor:/opt/ros/jazzy/opt/gz_sensors_vendor:/opt/ros/jazzy/opt/gz_physics_vendor:/opt/ros/jazzy/opt/sdformat_vendor:/opt/ros/jazzy/opt/gz_gui_vendor:/opt/ros/jazzy/opt/gz_transport_vendor:/opt/ros/jazzy/opt/gz_rendering_vendor:/opt/ros/jazzy/opt/gz_plugin_vendor:/opt/ros/jazzy/opt/gz_fuel_tools_vendor:/opt/ros/jazzy/opt/gz_msgs_vendor:/opt/ros/jazzy/opt/gz_common_vendor:/opt/ros/jazzy/opt/gz_math_vendor:/opt/ros/jazzy/opt/gz_utils_vendor:/opt/ros/jazzy/opt/gz_tools_vendor:/opt/ros/jazzy/opt/gz_ogre_next_vendor:/opt/ros/jazzy/opt/gz_dartsim_vendor:/opt/ros/jazzy/opt/gz_cmake_vendor:/opt/ros/jazzy DEBUGINFOD_URLS=https://debuginfod.ubuntu.com LD_LIBRARY_PATH=/home/fmt/.no-mistakes/worktrees/b8e3b0e906af/01KXF3EBXC00B6ZS69VCQBAJA8/install/rosbag2_storage_sqlite3/lib:/home/fmt/.no-mistakes/worktrees/b8e3b0e906af/01KXF3EBXC00B6ZS69VCQBAJA8/install/rosbag2_storage_mcap/lib:/home/fmt/.no-mistakes/worktrees/b8e3b0e906af/01KXF3EBXC00B6ZS69VCQBAJA8/install/rosbag2_storage/lib:/home/fmt/.no-mistakes/worktrees/b8e3b0e906af/01KXF3EBXC00B6ZS69VCQBAJA8/install/mcap_vendor/lib:/home/fmt/.no-mistakes/worktrees/b8e3b0e906af/01KXF3EBXC00B6ZS69VCQBAJA8/install/rosbag2_test_msgdefs/lib:${LD_LIBRARY_PATH} PYTHONPATH=/home/fmt/.no-mistakes/worktrees/b8e3b0e906af/01KXF3EBXC00B6ZS69VCQBAJA8/install/rosbag2_storage_sqlite3/lib/python3.12/site-packages:/home/fmt/.no-mistakes/worktrees/b8e3b0e906af/01KXF3EBXC00B6ZS69VCQBAJA8/install/rosbag2_storage_mcap/lib/python3.12/site-packages:/home/fmt/.no-mistakes/worktrees/b8e3b0e906af/01KXF3EBXC00B6ZS69VCQBAJA8/install/rosbag2_test_msgdefs/lib/python3.12/site-packages:/home/fmt/.no-mistakes/worktrees/b8e3b0e906af/01KXF3EBXC00B6ZS69VCQBAJA8/install/rosbag2_test_common/lib/python3.12/site-packages:${PYTHONPATH} /usr/bin/cmake --build /home/fmt/.no-mistakes/worktrees/b8e3b0e906af/01KXF3EBXC00B6ZS69VCQBAJA8/build/rosbag2_cpp -- -j20 -l20
[31.135s] DEBUG:colcon.colcon_core.event_handler.log_command:Invoking command in '/home/fmt/.no-mistakes/worktrees/b8e3b0e906af/01KXF3EBXC00B6ZS69VCQBAJA8/build/rosbag2_cpp': AMENT_PREFIX_PATH=/home/fmt/.no-mistakes/worktrees/b8e3b0e906af/01KXF3EBXC00B6ZS69VCQBAJA8/install/rosbag2_storage_default_plugins:/home/fmt/.no-mistakes/worktrees/b8e3b0e906af/01KXF3EBXC00B6ZS69VCQBAJA8/install/rosbag2_storage_sqlite3:/home/fmt/.no-mistakes/worktrees/b8e3b0e906af/01KXF3EBXC00B6ZS69VCQBAJA8/install/rosbag2_storage_mcap:/home/fmt/.no-mistakes/worktrees/b8e3b0e906af/01KXF3EBXC00B6ZS69VCQBAJA8/install/rosbag2_storage:/home/fmt/.no-mistakes/worktrees/b8e3b0e906af/01KXF3EBXC00B6ZS69VCQBAJA8/install/mcap_vendor:/home/fmt/.no-mistakes/worktrees/b8e3b0e906af/01KXF3EBXC00B6ZS69VCQBAJA8/install/zstd_vendor:/home/fmt/.no-mistakes/worktrees/b8e3b0e906af/01KXF3EBXC00B6ZS69VCQBAJA8/install/sqlite3_vendor:/home/fmt/.no-mistakes/worktrees/b8e3b0e906af/01KXF3EBXC00B6ZS69VCQBAJA8/install/rosbag2_test_msgdefs:/home/fmt/.no-mistakes/worktrees/b8e3b0e906af/01KXF3EBXC00B6ZS69VCQBAJA8/install/rosbag2_test_common:/home/fmt/.no-mistakes/worktrees/b8e3b0e906af/01KXF3EBXC00B6ZS69VCQBAJA8/install/liblz4_vendor:${AMENT_PREFIX_PATH} CMAKE_PREFIX_PATH=/home/fmt/.no-mistakes/worktrees/b8e3b0e906af/01KXF3EBXC00B6ZS69VCQBAJA8/install/rosbag2_storage_default_plugins:/home/fmt/.no-mistakes/worktrees/b8e3b0e906af/01KXF3EBXC00B6ZS69VCQBAJA8/install/rosbag2_storage_sqlite3:/home/fmt/.no-mistakes/worktrees/b8e3b0e906af/01KXF3EBXC00B6ZS69VCQBAJA8/install/rosbag2_storage_mcap:/home/fmt/.no-mistakes/worktrees/b8e3b0e906af/01KXF3EBXC00B6ZS69VCQBAJA8/install/rosbag2_storage:/home/fmt/.no-mistakes/worktrees/b8e3b0e906af/01KXF3EBXC00B6ZS69VCQBAJA8/install/mcap_vendor:/home/fmt/.no-mistakes/worktrees/b8e3b0e906af/01KXF3EBXC00B6ZS69VCQBAJA8/install/zstd_vendor:/home/fmt/.no-mistakes/worktrees/b8e3b0e906af/01KXF3EBXC00B6ZS69VCQBAJA8/install/sqlite3_vendor:/home/fmt/.no-mistakes/worktrees/b8e3b0e906af/01KXF3EBXC00B6ZS69VCQBAJA8/install/rosbag2_test_msgdefs:/home/fmt/.no-mistakes/worktrees/b8e3b0e906af/01KXF3EBXC00B6ZS69VCQBAJA8/install/rosbag2_test_common:/home/fmt/.no-mistakes/worktrees/b8e3b0e906af/01KXF3EBXC00B6ZS69VCQBAJA8/install/liblz4_vendor:/opt/intel/oneapi/tbb/2023.0/env/..:/opt/intel/oneapi/dpl/2022.12/lib/cmake/oneDPL:/opt/intel/oneapi/compiler/2026.0:/opt/ros/jazzy/opt/gz_sim_vendor:/opt/ros/jazzy/opt/gz_sensors_vendor:/opt/ros/jazzy/opt/gz_physics_vendor:/opt/ros/jazzy/opt/sdformat_vendor:/opt/ros/jazzy/opt/gz_gui_vendor:/opt/ros/jazzy/opt/gz_transport_vendor:/opt/ros/jazzy/opt/gz_rendering_vendor:/opt/ros/jazzy/opt/gz_plugin_vendor:/opt/ros/jazzy/opt/gz_fuel_tools_vendor:/opt/ros/jazzy/opt/gz_msgs_vendor:/opt/ros/jazzy/opt/gz_common_vendor:/opt/ros/jazzy/opt/gz_math_vendor:/opt/ros/jazzy/opt/gz_utils_vendor:/opt/ros/jazzy/opt/gz_tools_vendor:/opt/ros/jazzy/opt/gz_ogre_next_vendor:/opt/ros/jazzy/opt/gz_dartsim_vendor:/opt/ros/jazzy/opt/gz_cmake_vendor:/opt/ros/jazzy DEBUGINFOD_URLS=https://debuginfod.ubuntu.com LD_LIBRARY_PATH=/home/fmt/.no-mistakes/worktrees/b8e3b0e906af/01KXF3EBXC00B6ZS69VCQBAJA8/install/rosbag2_storage_sqlite3/lib:/home/fmt/.no-mistakes/worktrees/b8e3b0e906af/01KXF3EBXC00B6ZS69VCQBAJA8/install/rosbag2_storage_mcap/lib:/home/fmt/.no-mistakes/worktrees/b8e3b0e906af/01KXF3EBXC00B6ZS69VCQBAJA8/install/rosbag2_storage/lib:/home/fmt/.no-mistakes/worktrees/b8e3b0e906af/01KXF3EBXC00B6ZS69VCQBAJA8/install/mcap_vendor/lib:/home/fmt/.no-mistakes/worktrees/b8e3b0e906af/01KXF3EBXC00B6ZS69VCQBAJA8/install/rosbag2_test_msgdefs/lib:${LD_LIBRARY_PATH} PYTHONPATH=/home/fmt/.no-mistakes/worktrees/b8e3b0e906af/01KXF3EBXC00B6ZS69VCQBAJA8/install/rosbag2_storage_sqlite3/lib/python3.12/site-packages:/home/fmt/.no-mistakes/worktrees/b8e3b0e906af/01KXF3EBXC00B6ZS69VCQBAJA8/install/rosbag2_storage_mcap/lib/python3.12/site-packages:/home/fmt/.no-mistakes/worktrees/b8e3b0e906af/01KXF3EBXC00B6ZS69VCQBAJA8/install/rosbag2_test_msgdefs/lib/python3.12/site-packages:/home/fmt/.no-mistakes/worktrees/b8e3b0e906af/01KXF3EBXC00B6ZS69VCQBAJA8/install/rosbag2_test_common/lib/python3.12/site-packages:${PYTHONPATH} /usr/bin/cmake --install /home/fmt/.no-mistakes/worktrees/b8e3b0e906af/01KXF3EBXC00B6ZS69VCQBAJA8/build/rosbag2_cpp
[31.145s] Level 1:colcon.colcon_core.environment:create_environment_scripts_only(rosbag2_cpp)
[31.145s] Level 1:colcon.colcon_core.environment:checking '/home/fmt/.no-mistakes/worktrees/b8e3b0e906af/01KXF3EBXC00B6ZS69VCQBAJA8/install/rosbag2_cpp' for CMake module files
[31.145s] DEBUG:colcon.colcon_core.event_handler.log_command:Invoked command in '/home/fmt/.no-mistakes/worktrees/b8e3b0e906af/01KXF3EBXC00B6ZS69VCQBAJA8/build/rosbag2_cpp' returned '0': AMENT_PREFIX_PATH=/home/fmt/.no-mistakes/worktrees/b8e3b0e906af/01KXF3EBXC00B6ZS69VCQBAJA8/install/rosbag2_storage_default_plugins:/home/fmt/.no-mistakes/worktrees/b8e3b0e906af/01KXF3EBXC00B6ZS69VCQBAJA8/install/rosbag2_storage_sqlite3:/home/fmt/.no-mistakes/worktrees/b8e3b0e906af/01KXF3EBXC00B6ZS69VCQBAJA8/install/rosbag2_storage_mcap:/home/fmt/.no-mistakes/worktrees/b8e3b0e906af/01KXF3EBXC00B6ZS69VCQBAJA8/install/rosbag2_storage:/home/fmt/.no-mistakes/worktrees/b8e3b0e906af/01KXF3EBXC00B6ZS69VCQBAJA8/install/mcap_vendor:/home/fmt/.no-mistakes/worktrees/b8e3b0e906af/01KXF3EBXC00B6ZS69VCQBAJA8/install/zstd_vendor:/home/fmt/.no-mistakes/worktrees/b8e3b0e906af/01KXF3EBXC00B6ZS69VCQBAJA8/install/sqlite3_vendor:/home/fmt/.no-mistakes/worktrees/b8e3b0e906af/01KXF3EBXC00B6ZS69VCQBAJA8/install/rosbag2_test_msgdefs:/home/fmt/.no-mistakes/worktrees/b8e3b0e906af/01KXF3EBXC00B6ZS69VCQBAJA8/install/rosbag2_test_common:/home/fmt/.no-mistakes/worktrees/b8e3b0e906af/01KXF3EBXC00B6ZS69VCQBAJA8/install/liblz4_vendor:${AMENT_PREFIX_PATH} CMAKE_PREFIX_PATH=/home/fmt/.no-mistakes/worktrees/b8e3b0e906af/01KXF3EBXC00B6ZS69VCQBAJA8/install/rosbag2_storage_default_plugins:/home/fmt/.no-mistakes/worktrees/b8e3b0e906af/01KXF3EBXC00B6ZS69VCQBAJA8/install/rosbag2_storage_sqlite3:/home/fmt/.no-mistakes/worktrees/b8e3b0e906af/01KXF3EBXC00B6ZS69VCQBAJA8/install/rosbag2_storage_mcap:/home/fmt/.no-mistakes/worktrees/b8e3b0e906af/01KXF3EBXC00B6ZS69VCQBAJA8/install/rosbag2_storage:/home/fmt/.no-mistakes/worktrees/b8e3b0e906af/01KXF3EBXC00B6ZS69VCQBAJA8/install/mcap_vendor:/home/fmt/.no-mistakes/worktrees/b8e3b0e906af/01KXF3EBXC00B6ZS69VCQBAJA8/install/zstd_vendor:/home/fmt/.no-mistakes/worktrees/b8e3b0e906af/01KXF3EBXC00B6ZS69VCQBAJA8/install/sqlite3_vendor:/home/fmt/.no-mistakes/worktrees/b8e3b0e906af/01KXF3EBXC00B6ZS69VCQBAJA8/install/rosbag2_test_msgdefs:/home/fmt/.no-mistakes/worktrees/b8e3b0e906af/01KXF3EBXC00B6ZS69VCQBAJA8/install/rosbag2_test_common:/home/fmt/.no-mistakes/worktrees/b8e3b0e906af/01KXF3EBXC00B6ZS69VCQBAJA8/install/liblz4_vendor:/opt/intel/oneapi/tbb/2023.0/env/..:/opt/intel/oneapi/dpl/2022.12/lib/cmake/oneDPL:/opt/intel/oneapi/compiler/2026.0:/opt/ros/jazzy/opt/gz_sim_vendor:/opt/ros/jazzy/opt/gz_sensors_vendor:/opt/ros/jazzy/opt/gz_physics_vendor:/opt/ros/jazzy/opt/sdformat_vendor:/opt/ros/jazzy/opt/gz_gui_vendor:/opt/ros/jazzy/opt/gz_transport_vendor:/opt/ros/jazzy/opt/gz_rendering_vendor:/opt/ros/jazzy/opt/gz_plugin_vendor:/opt/ros/jazzy/opt/gz_fuel_tools_vendor:/opt/ros/jazzy/opt/gz_msgs_vendor:/opt/ros/jazzy/opt/gz_common_vendor:/opt/ros/jazzy/opt/gz_math_vendor:/opt/ros/jazzy/opt/gz_utils_vendor:/opt/ros/jazzy/opt/gz_tools_vendor:/opt/ros/jazzy/opt/gz_ogre_next_vendor:/opt/ros/jazzy/opt/gz_dartsim_vendor:/opt/ros/jazzy/opt/gz_cmake_vendor:/opt/ros/jazzy DEBUGINFOD_URLS=https://debuginfod.ubuntu.com LD_LIBRARY_PATH=/home/fmt/.no-mistakes/worktrees/b8e3b0e906af/01KXF3EBXC00B6ZS69VCQBAJA8/install/rosbag2_storage_sqlite3/lib:/home/fmt/.no-mistakes/worktrees/b8e3b0e906af/01KXF3EBXC00B6ZS69VCQBAJA8/install/rosbag2_storage_mcap/lib:/home/fmt/.no-mistakes/worktrees/b8e3b0e906af/01KXF3EBXC00B6ZS69VCQBAJA8/install/rosbag2_storage/lib:/home/fmt/.no-mistakes/worktrees/b8e3b0e906af/01KXF3EBXC00B6ZS69VCQBAJA8/install/mcap_vendor/lib:/home/fmt/.no-mistakes/worktrees/b8e3b0e906af/01KXF3EBXC00B6ZS69VCQBAJA8/install/rosbag2_test_msgdefs/lib:${LD_LIBRARY_PATH} PYTHONPATH=/home/fmt/.no-mistakes/worktrees/b8e3b0e906af/01KXF3EBXC00B6ZS69VCQBAJA8/install/rosbag2_storage_sqlite3/lib/python3.12/site-packages:/home/fmt/.no-mistakes/worktrees/b8e3b0e906af/01KXF3EBXC00B6ZS69VCQBAJA8/install/rosbag2_storage_mcap/lib/python3.12/site-packages:/home/fmt/.no-mistakes/worktrees/b8e3b0e906af/01KXF3EBXC00B6ZS69VCQBAJA8/install/rosbag2_test_msgdefs/lib/python3.12/site-packages:/home/fmt/.no-mistakes/worktrees/b8e3b0e906af/01KXF3EBXC00B6ZS69VCQBAJA8/install/rosbag2_test_common/lib/python3.12/site-packages:${PYTHONPATH} /usr/bin/cmake --install /home/fmt/.no-mistakes/worktrees/b8e3b0e906af/01KXF3EBXC00B6ZS69VCQBAJA8/build/rosbag2_cpp
[31.145s] Level 1:colcon.colcon_core.environment:checking '/home/fmt/.no-mistakes/worktrees/b8e3b0e906af/01KXF3EBXC00B6ZS69VCQBAJA8/install/rosbag2_cpp' for CMake config files
[31.145s] Level 1:colcon.colcon_core.shell:create_environment_hook('rosbag2_cpp', 'cmake_prefix_path')
[31.146s] INFO:colcon.colcon_core.shell:Creating environment hook '/home/fmt/.no-mistakes/worktrees/b8e3b0e906af/01KXF3EBXC00B6ZS69VCQBAJA8/install/rosbag2_cpp/share/rosbag2_cpp/hook/cmake_prefix_path.ps1'
[31.146s] INFO:colcon.colcon_core.shell:Creating environment descriptor '/home/fmt/.no-mistakes/worktrees/b8e3b0e906af/01KXF3EBXC00B6ZS69VCQBAJA8/install/rosbag2_cpp/share/rosbag2_cpp/hook/cmake_prefix_path.dsv'
[31.146s] INFO:colcon.colcon_core.shell:Creating environment hook '/home/fmt/.no-mistakes/worktrees/b8e3b0e906af/01KXF3EBXC00B6ZS69VCQBAJA8/install/rosbag2_cpp/share/rosbag2_cpp/hook/cmake_prefix_path.sh'
[31.146s] Level 1:colcon.colcon_core.environment:checking '/home/fmt/.no-mistakes/worktrees/b8e3b0e906af/01KXF3EBXC00B6ZS69VCQBAJA8/install/rosbag2_cpp/lib'
[31.146s] Level 1:colcon.colcon_core.shell:create_environment_hook('rosbag2_cpp', 'ld_library_path_lib')
[31.146s] INFO:colcon.colcon_core.shell:Creating environment hook '/home/fmt/.no-mistakes/worktrees/b8e3b0e906af/01KXF3EBXC00B6ZS69VCQBAJA8/install/rosbag2_cpp/share/rosbag2_cpp/hook/ld_library_path_lib.ps1'
[31.146s] INFO:colcon.colcon_core.shell:Creating environment descriptor '/home/fmt/.no-mistakes/worktrees/b8e3b0e906af/01KXF3EBXC00B6ZS69VCQBAJA8/install/rosbag2_cpp/share/rosbag2_cpp/hook/ld_library_path_lib.dsv'
[31.147s] INFO:colcon.colcon_core.shell:Creating environment hook '/home/fmt/.no-mistakes/worktrees/b8e3b0e906af/01KXF3EBXC00B6ZS69VCQBAJA8/install/rosbag2_cpp/share/rosbag2_cpp/hook/ld_library_path_lib.sh'
[31.147s] Level 1:colcon.colcon_core.environment:checking '/home/fmt/.no-mistakes/worktrees/b8e3b0e906af/01KXF3EBXC00B6ZS69VCQBAJA8/install/rosbag2_cpp/bin'
[31.147s] Level 1:colcon.colcon_core.environment:checking '/home/fmt/.no-mistakes/worktrees/b8e3b0e906af/01KXF3EBXC00B6ZS69VCQBAJA8/install/rosbag2_cpp/lib/pkgconfig/rosbag2_cpp.pc'
[31.147s] Level 1:colcon.colcon_core.environment:checking '/home/fmt/.no-mistakes/worktrees/b8e3b0e906af/01KXF3EBXC00B6ZS69VCQBAJA8/install/rosbag2_cpp/lib/python3.12/site-packages'
[31.147s] Level 1:colcon.colcon_core.environment:checking '/home/fmt/.no-mistakes/worktrees/b8e3b0e906af/01KXF3EBXC00B6ZS69VCQBAJA8/install/rosbag2_cpp/bin'
[31.147s] INFO:colcon.colcon_core.shell:Creating package script '/home/fmt/.no-mistakes/worktrees/b8e3b0e906af/01KXF3EBXC00B6ZS69VCQBAJA8/install/rosbag2_cpp/share/rosbag2_cpp/package.ps1'
[31.148s] INFO:colcon.colcon_core.shell:Creating package descriptor '/home/fmt/.no-mistakes/worktrees/b8e3b0e906af/01KXF3EBXC00B6ZS69VCQBAJA8/install/rosbag2_cpp/share/rosbag2_cpp/package.dsv'
[31.148s] INFO:colcon.colcon_core.shell:Creating package script '/home/fmt/.no-mistakes/worktrees/b8e3b0e906af/01KXF3EBXC00B6ZS69VCQBAJA8/install/rosbag2_cpp/share/rosbag2_cpp/package.sh'
[31.148s] INFO:colcon.colcon_core.shell:Creating package script '/home/fmt/.no-mistakes/worktrees/b8e3b0e906af/01KXF3EBXC00B6ZS69VCQBAJA8/install/rosbag2_cpp/share/rosbag2_cpp/package.bash'
[31.148s] INFO:colcon.colcon_core.shell:Creating package script '/home/fmt/.no-mistakes/worktrees/b8e3b0e906af/01KXF3EBXC00B6ZS69VCQBAJA8/install/rosbag2_cpp/share/rosbag2_cpp/package.zsh'
[31.148s] Level 1:colcon.colcon_core.environment:create_file_with_runtime_dependencies(/home/fmt/.no-mistakes/worktrees/b8e3b0e906af/01KXF3EBXC00B6ZS69VCQBAJA8/install/rosbag2_cpp/share/colcon-core/packages/rosbag2_cpp)
[31.148s] Level 1:colcon.colcon_core.environment:create_environment_scripts_only(rosbag2_cpp)
[31.148s] Level 1:colcon.colcon_core.environment:checking '/home/fmt/.no-mistakes/worktrees/b8e3b0e906af/01KXF3EBXC00B6ZS69VCQBAJA8/install/rosbag2_cpp' for CMake module files
[31.149s] Level 1:colcon.colcon_core.environment:checking '/home/fmt/.no-mistakes/worktrees/b8e3b0e906af/01KXF3EBXC00B6ZS69VCQBAJA8/install/rosbag2_cpp' for CMake config files
[31.149s] Level 1:colcon.colcon_core.shell:create_environment_hook('rosbag2_cpp', 'cmake_prefix_path')
[31.149s] INFO:colcon.colcon_core.shell:Creating environment hook '/home/fmt/.no-mistakes/worktrees/b8e3b0e906af/01KXF3EBXC00B6ZS69VCQBAJA8/install/rosbag2_cpp/share/rosbag2_cpp/hook/cmake_prefix_path.ps1'
[31.149s] INFO:colcon.colcon_core.shell:Creating environment descriptor '/home/fmt/.no-mistakes/worktrees/b8e3b0e906af/01KXF3EBXC00B6ZS69VCQBAJA8/install/rosbag2_cpp/share/rosbag2_cpp/hook/cmake_prefix_path.dsv'
[31.149s] INFO:colcon.colcon_core.shell:Creating environment hook '/home/fmt/.no-mistakes/worktrees/b8e3b0e906af/01KXF3EBXC00B6ZS69VCQBAJA8/install/rosbag2_cpp/share/rosbag2_cpp/hook/cmake_prefix_path.sh'
[31.150s] Level 1:colcon.colcon_core.environment:checking '/home/fmt/.no-mistakes/worktrees/b8e3b0e906af/01KXF3EBXC00B6ZS69VCQBAJA8/install/rosbag2_cpp/lib'
[31.150s] Level 1:colcon.colcon_core.shell:create_environment_hook('rosbag2_cpp', 'ld_library_path_lib')
[31.150s] INFO:colcon.colcon_core.shell:Creating environment hook '/home/fmt/.no-mistakes/worktrees/b8e3b0e906af/01KXF3EBXC00B6ZS69VCQBAJA8/install/rosbag2_cpp/share/rosbag2_cpp/hook/ld_library_path_lib.ps1'
[31.150s] INFO:colcon.colcon_core.shell:Creating environment descriptor '/home/fmt/.no-mistakes/worktrees/b8e3b0e906af/01KXF3EBXC00B6ZS69VCQBAJA8/install/rosbag2_cpp/share/rosbag2_cpp/hook/ld_library_path_lib.dsv'
[31.150s] INFO:colcon.colcon_core.shell:Creating environment hook '/home/fmt/.no-mistakes/worktrees/b8e3b0e906af/01KXF3EBXC00B6ZS69VCQBAJA8/install/rosbag2_cpp/share/rosbag2_cpp/hook/ld_library_path_lib.sh'
[31.150s] Level 1:colcon.colcon_core.environment:checking '/home/fmt/.no-mistakes/worktrees/b8e3b0e906af/01KXF3EBXC00B6ZS69VCQBAJA8/install/rosbag2_cpp/bin'
[31.150s] Level 1:colcon.colcon_core.environment:checking '/home/fmt/.no-mistakes/worktrees/b8e3b0e906af/01KXF3EBXC00B6ZS69VCQBAJA8/install/rosbag2_cpp/lib/pkgconfig/rosbag2_cpp.pc'
[31.150s] Level 1:colcon.colcon_core.environment:checking '/home/fmt/.no-mistakes/worktrees/b8e3b0e906af/01KXF3EBXC00B6ZS69VCQBAJA8/install/rosbag2_cpp/lib/python3.12/site-packages'
[31.150s] Level 1:colcon.colcon_core.environment:checking '/home/fmt/.no-mistakes/worktrees/b8e3b0e906af/01KXF3EBXC00B6ZS69VCQBAJA8/install/rosbag2_cpp/bin'
[31.151s] INFO:colcon.colcon_core.shell:Creating package script '/home/fmt/.no-mistakes/worktrees/b8e3b0e906af/01KXF3EBXC00B6ZS69VCQBAJA8/install/rosbag2_cpp/share/rosbag2_cpp/package.ps1'
[31.151s] INFO:colcon.colcon_core.shell:Creating package descriptor '/home/fmt/.no-mistakes/worktrees/b8e3b0e906af/01KXF3EBXC00B6ZS69VCQBAJA8/install/rosbag2_cpp/share/rosbag2_cpp/package.dsv'
[31.151s] INFO:colcon.colcon_core.shell:Creating package script '/home/fmt/.no-mistakes/worktrees/b8e3b0e906af/01KXF3EBXC00B6ZS69VCQBAJA8/install/rosbag2_cpp/share/rosbag2_cpp/package.sh'
[31.151s] INFO:colcon.colcon_core.shell:Creating package script '/home/fmt/.no-mistakes/worktrees/b8e3b0e906af/01KXF3EBXC00B6ZS69VCQBAJA8/install/rosbag2_cpp/share/rosbag2_cpp/package.bash'
[31.151s] INFO:colcon.colcon_core.shell:Creating package script '/home/fmt/.no-mistakes/worktrees/b8e3b0e906af/01KXF3EBXC00B6ZS69VCQBAJA8/install/rosbag2_cpp/share/rosbag2_cpp/package.zsh'
[31.152s] Level 1:colcon.colcon_core.environment:create_file_with_runtime_dependencies(/home/fmt/.no-mistakes/worktrees/b8e3b0e906af/01KXF3EBXC00B6ZS69VCQBAJA8/install/rosbag2_cpp/share/colcon-core/packages/rosbag2_cpp)
[31.152s] DEBUG:colcon.colcon_parallel_executor.executor.parallel:closing loop
[31.152s] DEBUG:colcon.colcon_parallel_executor.executor.parallel:loop closed
[31.152s] DEBUG:colcon.colcon_parallel_executor.executor.parallel:run_until_complete finished with '0'
[31.152s] DEBUG:colcon.colcon_core.event_reactor:joining thread
[31.155s] INFO:colcon.colcon_core.plugin_system:Skipping extension 'colcon_notification.desktop_notification.terminal_notifier': Not used on non-Darwin systems
[31.155s] INFO:colcon.colcon_core.plugin_system:Skipping extension 'colcon_notification.desktop_notification.win32': Not used on non-Windows systems
[31.155s] INFO:colcon.colcon_notification.desktop_notification:Sending desktop notification using 'notify2'
[31.156s] DEBUG:colcon.colcon_notification.desktop_notification.notify2:Failed to initialize notify2: org.freedesktop.DBus.Error.ServiceUnknown: The name org.freedesktop.Notifications was not provided by any .service files
[31.156s] DEBUG:colcon.colcon_core.event_reactor:joined thread
[31.156s] INFO:colcon.colcon_core.shell:Creating prefix script '/home/fmt/.no-mistakes/worktrees/b8e3b0e906af/01KXF3EBXC00B6ZS69VCQBAJA8/install/local_setup.ps1'
[31.157s] INFO:colcon.colcon_core.shell:Creating prefix util module '/home/fmt/.no-mistakes/worktrees/b8e3b0e906af/01KXF3EBXC00B6ZS69VCQBAJA8/install/_local_setup_util_ps1.py'
[31.157s] INFO:colcon.colcon_core.shell:Creating prefix chain script '/home/fmt/.no-mistakes/worktrees/b8e3b0e906af/01KXF3EBXC00B6ZS69VCQBAJA8/install/setup.ps1'
[31.158s] INFO:colcon.colcon_core.shell:Creating prefix script '/home/fmt/.no-mistakes/worktrees/b8e3b0e906af/01KXF3EBXC00B6ZS69VCQBAJA8/install/local_setup.sh'
[31.158s] INFO:colcon.colcon_core.shell:Creating prefix util module '/home/fmt/.no-mistakes/worktrees/b8e3b0e906af/01KXF3EBXC00B6ZS69VCQBAJA8/install/_local_setup_util_sh.py'
[31.158s] INFO:colcon.colcon_core.shell:Creating prefix chain script '/home/fmt/.no-mistakes/worktrees/b8e3b0e906af/01KXF3EBXC00B6ZS69VCQBAJA8/install/setup.sh'
[31.159s] INFO:colcon.colcon_core.shell:Creating prefix script '/home/fmt/.no-mistakes/worktrees/b8e3b0e906af/01KXF3EBXC00B6ZS69VCQBAJA8/install/local_setup.bash'
[31.159s] INFO:colcon.colcon_core.shell:Creating prefix chain script '/home/fmt/.no-mistakes/worktrees/b8e3b0e906af/01KXF3EBXC00B6ZS69VCQBAJA8/install/setup.bash'
[31.159s] INFO:colcon.colcon_core.shell:Creating prefix script '/home/fmt/.no-mistakes/worktrees/b8e3b0e906af/01KXF3EBXC00B6ZS69VCQBAJA8/install/local_setup.zsh'
[31.159s] INFO:colcon.colcon_core.shell:Creating prefix chain script '/home/fmt/.no-mistakes/worktrees/b8e3b0e906af/01KXF3EBXC00B6ZS69VCQBAJA8/install/setup.zsh'
